Current,,,,,
,,,,,
基金名稱,年月,投資股數,投資比率％,持股數/流通在外股數%,個股月報酬率％
000116 日盛證券,2025/09,-,-,-,-
0002 第一金福元,2025/09,-,-,-,-
0003 匯豐成長,2025/09,-,-,-,-
0006 荷銀鴻福,2025/09,-,-,-,-
000930 華南永昌證券,2025/09,-,-,-,-
000960 富邦證券,2025/09,-,-,-,-
0009A0 永豐金證券,2025/09,-,-,-,-
0011 景順和信,2025/09,-,-,-,-
0012 元大多元,2025/09,-,-,-,-
0016 保誠先鋒,2025/09,-,-,-,-
0019 萬國鑽石,2025/09,-,-,-,-
0020 保德信元富,2025/09,-,-,-,-
0024 保誠元滿,2025/09,-,-,-,-
0050 元大台灣50,2025/09,"524,078",0.72,4.14,10.1
0051 元大中型100,2025/09,-,-,-,-
0052 富邦科技,2025/09,"4,954",0.03,7.62,10.63
0053 元大電子,2025/09,-,-,-,-
0054 元大台商50,2025/09,-,-,-,-
0055 元大MSCI金融,2025/09,-,-,-,-
0056 元大高股息,2025/09,"88,957",0.08,0.65,5.17
0057 富邦摩台,2025/09,-,-,-,-
0060 新台灣,2025/09,-,-,-,-
0061 元大寶滬深,2025/09,-,-,-,-
006201 元大富櫃50,2025/09,"6,434",0,36.88,4.21
006205 富邦上証,2025/09,-,-,-,-
006206 元大上證50,2025/09,-,-,-,-
006207 復華滬深,2025/09,-,-,-,-
006208 富邦台50,2025/09,"5,428",0.02,0.28,9.82
00631L 元大台灣50正2,2025/09,20,0,0.02,14.44
00632R 元大台灣50反1,2025/09,-,-,-,-
00633L 富邦上証正2,2025/09,-,-,-,-
00634R 富邦上証反1,2025/09,-,-,-,-
00637L 元大滬深300 正2,2025/09,-,-,-,-
00639 富邦深100,2025/09,-,-,-,-
00663L 國泰臺灣加權正2,2025/09,-,-,-,-
00679B 元大美債20年,2025/09,-,-,-,-
00690 兆豐臺灣藍籌30,2025/09,-,-,-,-
00692 富邦公司治理,2025/09,-,-,-,-
00694B 富邦美債1-3,2025/09,-,-,-,-
00701 國泰股利精選30,2025/09,450,0,0.19,2.76
00710B 復華彭博非投等債,2025/09,-,-,-,-
00713 元大台灣高息低波,2025/09,"19,538",0.02,0.67,1.82
00717 富邦美國特別股,2025/09,-,-,-,-
00719B 元大美債1-3,2025/09,-,-,-,-
00720B 元大投資級公司債,2025/09,-,-,-,-
00721B 元大中國債3-5,2025/09,-,-,-,-
00722B 群益投資級電信債,2025/09,-,-,-,-
00725B 國泰投資級公司債,2025/09,-,-,-,-
00727B 國泰優選非投等債,2025/09,-,-,-,-
00730 富邦臺灣優質高息,2025/09,-,-,-,-
00731 復華富時高息低波,2025/09,190,0,0.42,3.48
00733 富邦臺灣中小,2025/09,-,-,-,-
00740B 富邦全球投等債,2025/09,-,-,-,-
00749B 凱基新興債10+,2025/09,-,-,-,-
00751B 元大AAA至A公司債,2025/09,"21,500",0.02,0.45,2.97
00760B 復華新興企業債,2025/09,-,-,-,-
00771 元大US高息特別股,2025/09,-,-,-,-
00777B 凱基AAA至A公司債,2025/09,-,-,-,-
00780B 國泰A 級金融債,2025/09,-,-,-,-
00786B 元大10年IG銀行債,2025/09,-,-,-,-
00788B 元大10年IG電能債,2025/09,-,-,-,-
00839B 凱基醫療保健債,2025/09,-,-,-,-
00840B 凱基IG精選15+,2025/09,-,-,-,-
00841B 凱基AAA-AA公司債,2025/09,-,-,-,-
00850 元大臺灣ESG永續,2025/09,"6,913",0.01,1.49,7.26
00870B 元大15年EM主權債,2025/09,-,-,-,-
00878 國泰永續高股息,2025/09,900,0,0,4.96
00892 富邦台灣半導體,2025/09,-,-,-,-
00915 凱基優選高股息30,2025/09,500,0,0.04,2.87
00929 復華台灣科技優息,2025/09,-,-,-,-
00945B 凱基美國非投等債,2025/09,"36,974",0.01,3.64,0.93
00953B 群益優選非投等債,2025/09,"50,983",0.01,1.29,0.64
01001T 土銀富邦R1,2025/09,-,-,-,-
01002T 土銀國泰R1,2025/09,-,-,-,-
01003T 兆豐新光R1,2025/09,-,-,-,-
01004T 土銀富邦R2,2025/09,-,-,-,-
01005T 三鼎,2025/09,-,-,-,-
01006T 基泰SR,2025/09,-,-,-,-
01007T 兆豐國泰R2,2025/09,-,-,-,-
01008T 駿馬R1,2025/09,-,-,-,-
1101 台泥,2025/09,"30,142",0.02,0.4,6.9
1101A 台泥特,2025/09,-,-,-,-
1101B 台泥乙特,2025/09,-,-,-,-
1102 亞泥,2025/09,"275,055",0.25,7.76,2.97
1103 嘉泥,2025/09,-,-,-,-
1104 環泥,2025/09,0,0,0,3.72
1107 建台,2025/09,-,-,-,-
1108 幸福,2025/09,-,-,-,-
1109 信大,2025/09,-,-,-,-
1110 東泥,2025/09,-,-,-,-
1201 味全,2025/09,-,-,-,-
1203 味王,2025/09,-,-,-,-
1204 津津,2025/09,-,-,-,-
1206 台鳳,2025/09,-,-,-,-
1207 嘉食化,2025/09,-,-,-,-
1209 益華,2025/09,-,-,-,-
1210 大成,2025/09,"35,517",0.04,3.97,-2.45
1212 中日,2025/09,-,-,-,-
1213 大飲,2025/09,-,-,-,-
1215 卜蜂,2025/09,"12,099",0.04,4.1,5.64
1216 統一,2025/09,"520,758",0.98,9.17,1.29
1217 愛之味,2025/09,-,-,-,-
1218 泰山,2025/09,-,-,-,-
1219 福壽,2025/09,-,-,-,-
1220 台榮,2025/09,-,-,-,-
1221 久津,2025/09,-,-,-,-
1222 源益,2025/09,-,-,-,-
1224 惠勝,2025/09,-,-,-,-
1225 福懋油,2025/09,-,-,-,-
1227 佳格,2025/09,3,0,0,0.17
1228 臺芳,2025/09,-,-,-,-
1229 聯華,2025/09,768,0,0.04,-1.81
1230 聯成食品,2025/09,-,-,-,-
1231 聯華食,2025/09,-,-,-,-
1232 大統益,2025/09,12,0,0.01,-1.01
1233 天仁,2025/09,-,-,-,-
1234 黑松,2025/09,-,-,-,-
1235 興泰,2025/09,-,-,-,-
1236 宏亞,2025/09,-,-,-,-
1256 鮮活果汁-KY,2025/09,-,-,-,-
1259 安心,2025/09,-,-,-,-
1262 綠悅-KY,2025/09,-,-,-,-
1264 德麥,2025/09,-,-,-,-
1268 漢來美食,2025/09,-,-,-,-
1295 生合,2025/09,190,0,0.55,-10.95
1301 台塑,2025/09,"80,117",0.07,1.26,-1.03
1303 南亞,2025/09,"118,050",0.11,1.49,-8.68
1304 台聚,2025/09,-,-,-,-
1305 華夏,2025/09,-,-,-,-
1306 合發,2025/09,-,-,-,-
1307 三芳,2025/09,"2,610",0,0.66,-3.67
1308 亞聚,2025/09,-,-,-,-
1309 台達化,2025/09,-,-,-,-
1310 台苯,2025/09,-,-,-,-
1311 福聚,2025/09,-,-,-,-
1312 國喬,2025/09,-,-,-,-
1312A 國喬特,2025/09,-,-,-,-
1313 聯成,2025/09,-,-,-,-
1314 中石化,2025/09,11,0,0,1.96
1315 達新,2025/09,-,-,-,-
1316 上曜,2025/09,-,-,-,-
1319 東陽,2025/09,"55,586",0.13,9.4,-7.98
1321 大洋,2025/09,-,-,-,-
1323 永裕,2025/09,-,-,-,-
1324 地球,2025/09,-,-,-,-
1325 恒大,2025/09,-,-,-,-
1326 台化,2025/09,"2,884",0,0.05,-1.16
1333 恩得利,2025/09,-,-,-,-
1336 台翰,2025/09,-,-,-,-
1337 再生-KY,2025/09,-,-,-,-
1338 廣華-KY,2025/09,-,-,-,-
1339 昭輝,2025/09,-,-,-,-
1340 勝悅-KY,2025/09,-,-,-,-
1342 八貫,2025/09,241,0,0.3,-3.91
1402 遠東新,2025/09,"345,605",0.23,6.46,0.72
1407 華隆,2025/09,-,-,-,-
1408 中紡,2025/09,-,-,-,-
1409 新纖,2025/09,-,-,-,-
1409A 新纖特,2025/09,-,-,-,-
1410 南染,2025/09,-,-,-,-
1413 宏洲,2025/09,-,-,-,-
1414 東和,2025/09,-,-,-,-
1416 廣豐,2025/09,-,-,-,-
1417 嘉裕,2025/09,-,-,-,-
1418 東華,2025/09,-,-,-,-
1419 新紡,2025/09,-,-,-,-
1423 利華,2025/09,-,-,-,-
1425 福昌,2025/09,-,-,-,-
1431 新燕,2025/09,-,-,-,-
1432 大魯閣,2025/09,-,-,-,-
1434 福懋,2025/09,"5,815",0,0.35,-3.49
1435 中福,2025/09,-,-,-,-
1436 華友聯,2025/09,-,-,-,-
1437 勤益控,2025/09,-,-,-,-
1438 三地開發,2025/09,-,-,-,-
1439 雋揚,2025/09,-,-,-,-
1440 南紡,2025/09,-,-,-,-
1441 大東,2025/09,-,-,-,-
1442 名軒,2025/09,"31,235",0.03,8.53,-15.77
1443 立益物流,2025/09,-,-,-,-
1444 力麗,2025/09,-,-,-,-
1444A 力甲特,2025/09,-,-,-,-
1445 大宇,2025/09,-,-,-,-
1446 宏和,2025/09,-,-,-,-
1447 力鵬,2025/09,-,-,-,-
1449 佳和,2025/09,-,-,-,-
1449A 佳甲特,2025/09,-,-,-,-
1450 新藝,2025/09,-,-,-,-
1451 年興,2025/09,-,-,-,-
1452 宏益,2025/09,-,-,-,-
1453 大將,2025/09,-,-,-,-
1454 台富,2025/09,-,-,-,-
1455 集盛,2025/09,-,-,-,-
1456 怡華,2025/09,-,-,-,-
1457 宜進,2025/09,-,-,-,-
1458 嘉畜,2025/09,-,-,-,-
1459 聯發,2025/09,-,-,-,-
1460 宏遠,2025/09,-,-,-,-
1462 東雲,2025/09,-,-,-,-
1463 強盛新,2025/09,-,-,-,-
1464 得力,2025/09,-,-,-,-
1465 偉全,2025/09,-,-,-,-
1466 聚隆,2025/09,-,-,-,-
1467 南緯,2025/09,-,-,-,-
1468 昶和,2025/09,-,-,-,-
1469 理隆,2025/09,-,-,-,-
1470 大統新創,2025/09,-,-,-,-
1471 首利,2025/09,-,-,-,-
1472 三洋實業,2025/09,-,-,-,-
1473 台南,2025/09,-,-,-,-
1474 弘裕,2025/09,-,-,-,-
1475 業旺,2025/09,-,-,-,-
1476 儒鴻,2025/09,"5,556",0.06,2.03,9.35
1477 聚陽,2025/09,"45,990",0.32,18.64,8.01
1503 士電,2025/09,"1,376",0.01,0.26,-9.23
1504 東元,2025/09,"175,611",0.4,7.39,39.85
1505 楊鐵,2025/09,-,-,-,-
1506 正道,2025/09,-,-,-,-
1507 永大,2025/09,-,-,-,-
1510 台安,2025/09,-,-,-,-
1512 瑞利,2025/09,-,-,-,-
1513 中興電,2025/09,"5,536",0.02,1.1,-9.33
1514 亞力,2025/09,536,0,0.2,-6.44
1515 力山,2025/09,-,-,-,-
1516 川飛,2025/09,-,-,-,-
1517 利奇,2025/09,-,-,-,-
1519 華城,2025/09,"2,852",0.04,0.9,-10.2
1520 復盛,2025/09,-,-,-,-
1521 大億,2025/09,-,-,-,-
1522 堤維西,2025/09,"2,581",0,0.82,1.94
1523 開億,2025/09,-,-,-,-
1524 耿鼎,2025/09,-,-,-,-
1525 江申,2025/09,-,-,-,-
1526 日馳,2025/09,-,-,-,-
1527 鑽全,2025/09,-,-,-,-
1528 恩德,2025/09,-,-,-,-
1529 樂事綠能,2025/09,-,-,-,-
1530 亞崴,2025/09,-,-,-,-
1531 高林股,2025/09,-,-,-,-
1532 勤美,2025/09,"4,036",0,0.96,11.22
1533 車王電,2025/09,-,-,-,-
1534 新企,2025/09,-,-,-,-
1535 中宇,2025/09,-,-,-,-
1536 和大,2025/09,"3,485",0.01,1.25,-8.41
1537 廣隆,2025/09,89,0,0.11,-1.15
1538 正峰,2025/09,-,-,-,-
1539 巨庭,2025/09,-,-,-,-
1540 喬福,2025/09,-,-,-,-
1541 錩泰,2025/09,-,-,-,-
1558 伸興,2025/09,121,0,0.18,-6.32
1560 中砂,2025/09,"8,070",0.07,5.49,-3.87
1565 精華,2025/09,-,-,-,-
1568 倉佑,2025/09,-,-,-,-
1569 濱川,2025/09,-,-,-,-
1570 力肯,2025/09,-,-,-,-
1580 新麥,2025/09,-,-,-,-
1582 信錦,2025/09,814,0,0.56,-1.69
1583 程泰,2025/09,-,-,-,-
1584 精剛,2025/09,-,-,-,-
1586 和勤,2025/09,-,-,-,-
1589 永冠-KY,2025/09,-,-,-,-
1590 亞德客-KY,2025/09,777,0.01,0.39,-2.07
1591 駿吉-KY,2025/09,-,-,-,-
1592 英瑞-KY,2025/09,-,-,-,-
1593 祺驊,2025/09,-,-,-,-
1597 直得,2025/09,-,-,-,-
1598 岱宇,2025/09,-,-,-,-
1599 宏佳騰,2025/09,-,-,-,-
1601 台光,2025/09,-,-,-,-
1602 太電,2025/09,-,-,-,-
1603 華電,2025/09,-,-,-,-
1603A 華電特,2025/09,-,-,-,-
1604 聲寶,2025/09,-,-,-,-
1605 華新,2025/09,"5,258",0,0.12,13.82
1606 歌林,2025/09,-,-,-,-
1608 華榮,2025/09,562,0,0.09,5.79
1609 大亞,2025/09,"1,909",0,0.24,-5.41
1611 中電,2025/09,-,-,-,-
1612 宏泰,2025/09,525,0,0.17,1.46
1613 台一,2025/09,-,-,-,-
1614 三洋電,2025/09,-,-,-,-
1615 大山,2025/09,13,0,0.01,-3.1
1616 億泰,2025/09,392,0,0.2,-7.92
1617 榮星,2025/09,-,-,-,-
1618 合機,2025/09,-,-,-,-
1626 艾美特-KY,2025/09,-,-,-,-
1701 中化,2025/09,-,-,-,-
1702 南僑,2025/09,-,-,-,-
1704 榮化,2025/09,-,-,-,-
1707 葡萄王,2025/09,231,0,0.16,0.78
1708 東鹼,2025/09,100,0,0.04,-3.31
1709 和益,2025/09,-,-,-,-
1710 東聯,2025/09,-,-,-,-
1711 永光,2025/09,-,-,-,-
1712 興農,2025/09,487,0,0.12,4.61
1713 國化,2025/09,-,-,-,-
1714 和桐,2025/09,-,-,-,-
1715 萬洲,2025/09,-,-,-,-
1715A 亞甲特,2025/09,-,-,-,-
1716 永信藥品,2025/09,-,-,-,-
1717 長興,2025/09,"1,548",0,0.13,-7.19
1718 中纖,2025/09,-,-,-,-
1720 生達,2025/09,168,0,0.09,0.71
1721 三晃,2025/09,-,-,-,-
1722 台肥,2025/09,"7,537",0.01,0.77,-4.27
1723 中碳,2025/09,329,0,0.14,-0.24
1724 台硝,2025/09,-,-,-,-
1725 元禎,2025/09,-,-,-,-
1726 永記,2025/09,-,-,-,-
1727 中華化,2025/09,-,-,-,-
1729 必翔,2025/09,-,-,-,-
1730 花仙子,2025/09,-,-,-,-
1731 美吾華,2025/09,-,-,-,-
1732 毛寶,2025/09,-,-,-,-
1733 五鼎,2025/09,-,-,-,-
1734 杏輝,2025/09,-,-,-,-
1735 日勝化,2025/09,-,-,-,-
1736 喬山,2025/09,"6,112",0.03,2.01,20.83
1737 臺鹽,2025/09,-,-,-,-
1742 台蠟,2025/09,-,-,-,-
1752 南光,2025/09,-,-,-,-
1760 寶齡富錦,2025/09,-,-,-,-
1762 中化生,2025/09,-,-,-,-
1773 勝一,2025/09,"2,272",0.01,0.76,-3.91
1776 展宇,2025/09,-,-,-,-
1777 生泰,2025/09,-,-,-,-
1781 合世,2025/09,-,-,-,-
1783 和康生,2025/09,-,-,-,-
1784 訊聯,2025/09,-,-,-,-
1785 光洋科,2025/09,443,0,0.07,5.77
1786 科妍,2025/09,-,-,-,-
1787 福盈科,2025/09,-,-,-,-
1788 杏昌,2025/09,-,-,-,-
1789 神隆,2025/09,-,-,-,-
1795 美時,2025/09,883,0.01,0.33,34.11
1796 金穎生技,2025/09,-,-,-,-
1799 易威,2025/09,-,-,-,-
1802 台玻,2025/09,889,0,0.03,-22.38
1805 寶徠,2025/09,-,-,-,-
1806 冠軍,2025/09,"5,020",0,1.29,-4.75
1807 羅馬,2025/09,-,-,-,-
1808 潤隆,2025/09,"21,312",0.01,2.15,1.9
1809 中釉,2025/09,-,-,-,-
1810 和成,2025/09,-,-,-,-
1813 寶利徠,2025/09,-,-,-,-
1815 富喬,2025/09,"10,299",0.02,1.98,-13.99
1817 凱撒衛,2025/09,-,-,-,-
1902 台紙,2025/09,-,-,-,-
1903 士紙,2025/09,-,-,-,-
1904 正隆,2025/09,"3,208",0,0.29,-2.23
1905 華紙,2025/09,3,0,0,-1.23
1906 寶隆,2025/09,-,-,-,-
1907 永豐餘,2025/09,5,0,0,2
1907A 永乙特,2025/09,-,-,-,-
1909 榮成,2025/09,-,-,-,-
1918 萬有,2025/09,-,-,-,-
2002 中鋼,2025/09,"249,027",0.12,1.58,-3.48
2002A 中鋼特,2025/09,-,-,-,-
2005 友力,2025/09,-,-,-,-
2006 東和鋼鐵,2025/09,"65,933",0.1,9.03,-4.41
2007 燁興,2025/09,-,-,-,-
2007A 燁甲特,2025/09,-,-,-,-
2008 高興昌,2025/09,-,-,-,-
2009 第一銅,2025/09,-,-,-,-
2010 春源,2025/09,187,0,0.03,-1.44
2011 彥武,2025/09,-,-,-,-
2012 春雨,2025/09,-,-,-,-
2013 中鋼構,2025/09,-,-,-,-
2013A 中構特,2025/09,-,-,-,-
2014 中鴻,2025/09,4,0,0,-1.25
2014A 燁隆特,2025/09,-,-,-,-
2015 豐興,2025/09,"11,504",0.02,1.98,-2.25
2016 名佳利,2025/09,-,-,-,-
2017 官田鋼,2025/09,-,-,-,-
2019 桂宏,2025/09,-,-,-,-
2020 美亞,2025/09,-,-,-,-
2022 聚亨,2025/09,-,-,-,-
2023 燁輝,2025/09,6,0,0,3.65
2024 志聯,2025/09,-,-,-,-
2025 千興,2025/09,-,-,-,-
2027 大成鋼,2025/09,"118,648",0.11,4.59,-1.03
2028 威致,2025/09,-,-,-,-
2029 盛餘,2025/09,-,-,-,-
2030 彰源,2025/09,-,-,-,-
2031 新光鋼,2025/09,-,-,-,-
2032 新鋼,2025/09,-,-,-,-
2033 佳大,2025/09,-,-,-,-
2034 允強,2025/09,-,-,-,-
2035 唐榮,2025/09,-,-,-,-
2038 海光,2025/09,-,-,-,-
2049 上銀,2025/09,"2,647",0.01,0.75,0.94
2059 川湖,2025/09,"7,852",0.62,8.24,8.76
2062 橋椿,2025/09,-,-,-,-
2063 世鎧,2025/09,-,-,-,-
2065 世豐,2025/09,-,-,-,-
2066 世德,2025/09,-,-,-,-
2067 嘉鋼,2025/09,-,-,-,-
2069 運錩,2025/09,-,-,-,-
2101 南港,2025/09,2,0,0,-13.71
2102 泰豐,2025/09,-,-,-,-
2103 台橡,2025/09,433,0,0.05,-5.26
2104 國際中橡,2025/09,-,-,-,-
2105 正新,2025/09,"374,483",0.34,11.55,-0.92
2106 建大,2025/09,3,0,0,-1.46
2107 厚生,2025/09,51,0,0.02,-1.04
2108 南帝,2025/09,-,-,-,-
2109 華豐,2025/09,-,-,-,-
2114 鑫永銓,2025/09,-,-,-,-
2115 六暉-KY,2025/09,-,-,-,-
2201 裕隆,2025/09,"1,100",0,0.1,5.92
2202 三富,2025/09,-,-,-,-
2204 中華,2025/09,"7,588",0.01,1.37,9.47
2206 三陽工業,2025/09,"29,238",0.04,3.69,-4.45
2207 和泰車,2025/09,"6,600",0.09,1.18,7.62
2208 台船,2025/09,-,-,-,-
2211 長榮鋼,2025/09,"3,426",0.01,0.82,8.04
2221 大甲,2025/09,-,-,-,-
2227 裕日車,2025/09,1,0,0,0
2228 劍麟,2025/09,-,-,-,-
2231 為升,2025/09,"4,240",0.01,3.12,9.63
2233 宇隆,2025/09,717,0,1.19,-20.98
2235 謚源,2025/09,-,-,-,-
2236 百達-KY,2025/09,-,-,-,-
2239 英利-KY,2025/09,-,-,-,-
2247 汎德永業,2025/09,-,-,-,-
2250 IKKA-KY,2025/09,-,-,-,-
2258 鴻華先進-創,2025/09,-,0,-,-
2301 光寶科,2025/09,"413,031",1.72,17.83,32.69
2302 麗正,2025/09,-,-,-,-
2303 聯電,2025/09,"2,882,806",3.17,22.96,12.47
2303A 聯甲特,2025/09,-,-,-,-
2304 誠洲,2025/09,-,-,-,-
2305 全友,2025/09,-,-,-,-
2306 宏電,2025/09,-,-,-,-
2308 台達電,2025/09,"94,839",1.95,3.65,20.11
2310 旭麗,2025/09,-,-,-,-
2311 日月光,2025/09,-,-,-,-
2312 金寶,2025/09,"2,585",0,0.17,3.18
2313 華通,2025/09,"12,181",0.02,1.02,-9.49
2314 台揚,2025/09,-,-,-,-
2315 神達電腦,2025/09,-,-,-,-
2316 楠梓電,2025/09,"3,527",0.01,1.93,-15.35
2317 鴻海,2025/09,"493,707",2.57,3.54,6.14
2318 佳錄,2025/09,-,-,-,-
2319 大眾,2025/09,-,-,-,-
2321 東訊,2025/09,-,-,-,-
2322 致福,2025/09,-,-,-,-
2322A 致甲特,2025/09,-,-,-,-
2323 中環,2025/09,"3,240",0,0.3,3.85
2323A 環甲特,2025/09,-,-,-,-
2324 仁寶,2025/09,"761,100",0.59,17.27,17.18
2325 矽品,2025/09,-,-,-,-
2326 亞瑟,2025/09,-,-,-,-
2327 國巨*,2025/09,"44,342",0.18,2.14,21.86
2328 廣宇,2025/09,685,0,0.13,-7.65
2329 華泰,2025/09,815,0,0.15,5.39
2330 台積電,2025/09,"580,081",18.26,2.24,12.94
2331 精英,2025/09,-,-,-,-
2332 友訊,2025/09,-,-,-,-
2333 碧悠,2025/09,-,-,-,-
2334 國豐,2025/09,-,-,-,-
2335 清三,2025/09,-,-,-,-
2336 Ｄ致伸,2025/09,-,-,-,-
2337 旺宏,2025/09,"3,332",0,0.18,24.63
2338 光罩,2025/09,2,0,0,-4.73
2339 合泰,2025/09,-,-,-,-
2340 台亞,2025/09,7,0,0,20.92
2341 英群,2025/09,-,-,-,-
2342 茂矽,2025/09,-,-,-,-
2343 精業,2025/09,-,-,-,-
2344 華邦電,2025/09,"145,472",0.12,3.23,72.84
2345 智邦,2025/09,"42,125",1.06,7.51,2.96
2347 聯強,2025/09,"260,657",0.4,15.63,-3.95
2348 海悅,2025/09,126,0,0.08,0.7
2349 錸德,2025/09,-,-,-,-
2350 環電,2025/09,-,-,-,-
2351 順德,2025/09,2,0,0,-9.35
2352 佳世達,2025/09,"6,639",0,0.34,-5.04
2353 宏碁,2025/09,"296,175",0.22,9.72,4.74
2354 鴻準,2025/09,"4,888",0.01,0.35,-1.13
2355 敬鵬,2025/09,"3,127",0,0.79,-14.15
2356 英業達,2025/09,"391,333",0.43,10.91,11.18
2357 華碩,2025/09,"124,544",2.02,16.77,6.17
2358 廷鑫,2025/09,-,-,-,-
2359 所羅門,2025/09,-,-,-,-
2360 致茂,2025/09,"22,746",0.32,5.35,-0.34
2361 鴻友,2025/09,-,-,-,-
2362 藍天,2025/09,970,0,0.16,-1.07
2363 矽統,2025/09,428,0,0.08,2.32
2364 倫飛,2025/09,104,0,0.2,-1.55
2365 昆盈,2025/09,-,-,-,-
2366 亞旭,2025/09,-,-,-,-
2367 燿華,2025/09,-,-,-,-
2368 金像電,2025/09,"54,075",0.57,10.7,-13.76
2369 菱生,2025/09,10,0,0,2.43
2370 匯僑工業,2025/09,-,-,-,-
2371 大同,2025/09,"86,641",0.08,4.03,-2.64
2373 震旦行,2025/09,2,0,0,0.7
2374 佳能,2025/09,-,-,-,-
2375 凱美,2025/09,2,0,0,34.96
2376 技嘉,2025/09,"76,965",0.56,11.49,7.94
2377 微星,2025/09,"89,641",0.25,10.61,-14.07
2378 鴻運電子,2025/09,-,-,-,-
2379 瑞昱,2025/09,"93,787",1.24,18.29,8.15
2380 虹光,2025/09,-,-,-,-
2381 華宇,2025/09,-,-,-,-
2382 廣達,2025/09,"256,108",1.79,6.63,10.48
2383 台光電,2025/09,"33,647",0.99,9.41,0.41
2384 勝華,2025/09,-,-,-,-
2385 群光,2025/09,"164,880",0.55,21.69,0
2386 國電,2025/09,-,-,-,-
2387 精元,2025/09,336,0,0.17,-1.43
2388 威盛,2025/09,321,0,0.06,-11.47
2389 世昕,2025/09,-,-,-,-
2390 云辰,2025/09,-,-,-,-
2391 合勤,2025/09,-,-,-,-
2392 正崴,2025/09,1,0,0,-0.94
2393 億光,2025/09,"85,974",0.13,19.39,-6.44
2394 普立爾,2025/09,-,-,-,-
2395 研華,2025/09,"13,387",0.1,1.55,-7.27
2396 精碟,2025/09,-,-,-,-
2397 友通,2025/09,4,0,0,-12.96
2398 博達,2025/09,-,-,-,-
2399 映泰,2025/09,-,-,-,-
2401 凌陽,2025/09,46,0,0.01,-7.37
2402 毅嘉,2025/09,"6,504",0.01,2.11,-15.17
2403 友尚,2025/09,-,-,-,-
2404 漢唐,2025/09,"36,341",0.79,19.07,-27.15
2405 輔信,2025/09,10,0,0,-0.78
2406 國碩,2025/09,-,-,-,-
2407 欣煜,2025/09,-,-,-,-
2408 南亞科,2025/09,"37,076",0.07,1.2,55.32
2409 友達,2025/09,"20,853",0.01,0.28,6.23
2410 鼎大,2025/09,-,-,-,-
2411 飛瑞,2025/09,-,-,-,-
2412 中華電,2025/09,"190,383",0.61,2.45,0.76
2413 環科,2025/09,-,-,-,-
2414 精技,2025/09,-,-,-,-
2415 錩新,2025/09,-,-,-,-
2416 世平,2025/09,-,-,-,-
2417 圓剛,2025/09,-,-,-,-
2418 雅新,2025/09,-,-,-,-
2419 仲琦,2025/09,-,-,-,-
2420 新巨,2025/09,480,0,0.31,-7.65
2421 建準,2025/09,"1,219",0,0.45,-7.33
2422 國聯,2025/09,-,-,-,-
2423 固緯,2025/09,-,-,-,-
2424 隴華,2025/09,-,-,-,-
2425 承啟,2025/09,-,-,-,-
2426 鼎元,2025/09,7,0,0,-5.76
2427 三商電,2025/09,320,0,0.16,-2.7
2428 興勤,2025/09,262,0,0.2,12.87
2429 銘旺科,2025/09,-,-,-,-
2430 燦坤,2025/09,-,-,-,-
2431 聯昌,2025/09,-,-,-,-
2432 倚天酷碁-創,2025/09,-,-,-,-
2433 互盛電,2025/09,-,-,-,-
2434 統懋,2025/09,-,-,-,-
2435 台路,2025/09,-,-,-,-
2436 偉詮電,2025/09,"1,840",0,0.91,5.75
2437 旺詮,2025/09,-,-,-,-
2438 翔耀,2025/09,-,-,-,-
2439 美律,2025/09,"39,095",0.1,15.4,-5.58
2440 太空梭,2025/09,-,-,-,-
2441 超豐,2025/09,"21,854",0.03,3.84,5.34
2442 新美齊,2025/09,-,-,-,-
2443 昶虹,2025/09,-,-,-,-
2444 兆勁,2025/09,-,-,-,-
2445 南方,2025/09,-,-,-,-
2446 全懋,2025/09,-,-,-,-
2447 鼎新,2025/09,-,-,-,-
2448 晶電,2025/09,-,-,-,-
2449 京元電子,2025/09,"149,498",0.59,12.23,5.13
2450 神腦,2025/09,11,0,0,-3.38
2451 創見,2025/09,"51,043",0.14,11.85,8.91
2452 乾坤,2025/09,-,-,-,-
2453 凌群,2025/09,-,-,-,-
2454 聯發科,2025/09,"82,796",2.63,5.16,-4.01
2455 全新,2025/09,"20,336",0.08,11,2.88
2456 奇力新,2025/09,-,-,-,-
2457 飛宏,2025/09,1,0,0,-3.59
2458 義隆,2025/09,"47,069",0.15,15.49,11.03
2459 敦吉,2025/09,3,0,0,-1.24
2460 建通,2025/09,-,-,-,-
2461 光群雷,2025/09,-,-,-,-
2462 良得電,2025/09,-,-,-,-
2463 Ｄ研揚,2025/09,-,-,-,-
2464 盟立,2025/09,6,0,0,-5.59
2465 麗臺,2025/09,-,-,-,-
2466 冠西電,2025/09,-,-,-,-
2467 志聖,2025/09,346,0,0.22,-5.9
2468 華經,2025/09,-,-,-,-
2469 力信,2025/09,-,-,-,-
2470 品佳,2025/09,-,-,-,-
2471 資通,2025/09,-,-,-,-
2472 立隆電,2025/09,106,0,0.06,-1.47
2473 思源,2025/09,-,-,-,-
2474 可成,2025/09,"178,970",0.79,28.7,-3.18
2475 華映,2025/09,-,-,-,-
2476 鉅祥,2025/09,1,0,0,2.44
2477 美隆電,2025/09,-,-,-,-
2478 大毅,2025/09,4,0,0,21.11
2479 和立,2025/09,-,-,-,-
2480 敦陽科,2025/09,581,0,0.55,2.89
2481 強茂,2025/09,"17,214",0.03,4.51,9.94
2482 連宇,2025/09,-,-,-,-
2483 百容,2025/09,-,-,-,-
2484 希華,2025/09,-,-,-,-
2485 兆赫,2025/09,-,-,-,-
2486 一詮,2025/09,-,-,-,-
2487 友立資,2025/09,-,-,-,-
2488 漢平,2025/09,-,-,-,-
2489 瑞軒,2025/09,14,0,0,-2.91
2490 皇統,2025/09,-,-,-,-
2491 吉祥全,2025/09,-,-,-,-
2492 華新科,2025/09,563,0,0.12,26.82
2493 揚博,2025/09,286,0,0.23,-29.19
2494 廣業科,2025/09,-,-,-,-
2495 普安,2025/09,"1,120",0,0.41,3.48
2497 怡利電,2025/09,-,-,-,-
2498 宏達電,2025/09,403,0,0.05,-15.34
2499 東貝,2025/09,-,-,-,-
2501 國建,2025/09,1,0,0,10.9
2504 國產,2025/09,"175,632",0.15,14.88,-2.55
2505 國揚,2025/09,-,-,-,-
2506 太設,2025/09,-,-,-,-
2509 全坤建,2025/09,-,-,-,-
2511 太子,2025/09,-,-,-,-
2512 寶建,2025/09,-,-,-,-
2514 龍邦,2025/09,-,-,-,-
2515 中工,2025/09,992,0,0.06,-5.36
2516 新建,2025/09,-,-,-,-
2517 長谷,2025/09,-,-,-,-
2518 長億,2025/09,-,-,-,-
2520 冠德,2025/09,"51,782",0.05,8.5,2.13
2521 宏總,2025/09,-,-,-,-
2522 啟阜,2025/09,-,-,-,-
2523 德寶,2025/09,-,-,-,-
2524 京城,2025/09,0,0,0,10.48
2525 寶祥,2025/09,-,-,-,-
2525A 寶祥特,2025/09,-,-,-,-
2526 大陸,2025/09,-,-,-,-
2527 宏璟,2025/09,215,0,0.08,6.5
2528 皇普,2025/09,-,-,-,-
2529 仁翔,2025/09,-,-,-,-
2530 華建,2025/09,899,0,0.11,1.21
2533 昱成,2025/09,-,-,-,-
2534 宏盛,2025/09,-,-,-,-
2535 達欣工,2025/09,201,0,0.07,0.17
2536 宏普,2025/09,-,-,-,-
2537 聯上發,2025/09,-,-,-,-
2538 基泰,2025/09,-,-,-,-
2539 櫻花建,2025/09,"2,494",0,0.21,-0.92
2540 愛山林,2025/09,34,0,0,3.23
2542 興富發,2025/09,"34,023",0.03,1.57,5.78
2543 皇昌,2025/09,674,0,0.13,2.93
2544 益鼎光電,2025/09,-,-,-,-
2545 皇翔,2025/09,-,-,-,-
2546 根基,2025/09,-,-,-,-
2547 日勝生,2025/09,387,0,0.04,0
2548 華固,2025/09,1,0,0,-4.1
2597 潤弘,2025/09,702,0,0.23,0.98
2601 益航,2025/09,-,-,-,-
2602 國際海運,2025/09,-,-,-,-
2603 長榮,2025/09,"334,567",1.44,15.45,-3.5
2604 立榮,2025/09,-,-,-,-
2605 新興,2025/09,-,-,-,-
2606 裕民,2025/09,"105,990",0.15,12.54,1.42
2607 榮運,2025/09,"32,749",0.03,3.07,2.49
2608 嘉里大榮,2025/09,-,-,-,-
2609 陽明,2025/09,"379,415",0.49,10.86,-8.15
2610 華航,2025/09,"422,114",0.21,6.94,-1.65
2611 志信,2025/09,-,-,-,-
2612 中航,2025/09,-,-,-,-
2613 中櫃,2025/09,-,-,-,-
2614 東森,2025/09,-,-,-,-
2615 萬海,2025/09,"204,018",0.37,7.27,-10.27
2616 山隆,2025/09,-,-,-,-
2617 台航,2025/09,237,0,0.06,-1.26
2618 長榮航,2025/09,"992,269",0.91,18.37,-1.93
2628 正利,2025/09,-,-,-,-
2630 亞航,2025/09,-,-,-,-
2633 台灣高鐵,2025/09,"10,435",0.01,0.19,1.81
2634 漢翔,2025/09,"2,003",0,0.21,-9.78
2636 台驊控股,2025/09,-,-,-,-
2637 慧洋-KY,2025/09,"80,372",0.11,10.77,-3.14
2640 大車隊,2025/09,144,0,0.24,0.39
2642 宅配通,2025/09,-,-,-,-
2645 長榮航太,2025/09,"2,623",0.01,0.7,-12.43
2646 星宇航空,2025/09,321,0,0.01,-1.2
2701 萬企,2025/09,-,-,-,-
2702 華園,2025/09,-,-,-,-
2703 華國,2025/09,-,-,-,-
2704 國賓,2025/09,-,-,-,-
2705 六福,2025/09,-,-,-,-
2706 第一店,2025/09,-,-,-,-
2707 晶華,2025/09,592,0,0.46,3.65
2722 夏都,2025/09,-,-,-,-
2723 美食-KY,2025/09,66,0,0.04,-9.54
2726 雅茗-KY,2025/09,-,-,-,-
2727 王品,2025/09,534,0,0.63,4.78
2729 瓦城,2025/09,-,-,-,-
2731 雄獅,2025/09,85,0,0.09,-0.63
2732 六角,2025/09,-,-,-,-
2734 易飛網,2025/09,-,-,-,-
2739 寒舍,2025/09,-,-,-,-
2748 雲品,2025/09,-,-,-,-
2753 八方雲集,2025/09,-,-,-,-
2755 揚秦,2025/09,-,-,-,-
2801 彰銀,2025/09,"154,328",0.07,1.31,2.34
2801A 彰銀特,2025/09,-,-,-,-
2804A 開發特,2025/09,-,-,-,-
2807 渣打銀行,2025/09,-,-,-,-
2808 北商銀,2025/09,-,-,-,-
2809 京城銀,2025/09,3,0,0,2.35
2810 高企,2025/09,-,-,-,-
2811 東企,2025/09,-,-,-,-
2812 台中銀,2025/09,"23,460",0.01,0.4,6.57
2816 旺旺保,2025/09,-,-,-,-
2820 華票,2025/09,-,-,-,-
2822 農銀,2025/09,-,-,-,-
2823 凱基人壽,2025/09,-,-,-,-
2824 交銀,2025/09,-,-,-,-
2827 中聯,2025/09,-,-,-,-
2828 萬通,2025/09,-,-,-,-
2829 大安,2025/09,-,-,-,-
2831 中華銀行,2025/09,-,-,-,-
2832 台產,2025/09,131,0,0.04,13.12
2833 台壽,2025/09,-,-,-,-
2834 臺企銀,2025/09,"25,034",0.01,0.26,4.3
2835 國泰銀,2025/09,-,-,-,-
2836 高雄銀,2025/09,-,-,-,-
2837 凱基銀行,2025/09,-,-,-,-
2838 聯邦銀,2025/09,"2,552",0,0.06,8.13
2838A 聯邦銀甲特,2025/09,-,-,-,-
2841 台開,2025/09,-,-,-,-
2842 富邦銀,2025/09,-,-,-,-
2844A 新甲特,2025/09,-,-,-,-
2845 遠東銀,2025/09,"12,912",0,0.27,-0.77
2846 中興銀,2025/09,-,-,-,-
2847 大眾銀,2025/09,-,-,-,-
2847A 眾甲特,2025/09,-,-,-,-
2847B 眾乙特,2025/09,-,-,-,-
2848 華南保,2025/09,-,-,-,-
2849 安泰銀,2025/09,5,0,0,-0.38
2850 新產,2025/09,"9,620",0.03,3.04,11.57
2851 中再保,2025/09,-,-,-,-
2852 第一保,2025/09,829,0,0.28,1.9
2854 寶來證,2025/09,-,-,-,-
2855 統一證,2025/09,"1,883",0,0.12,11.99
2856 元富證,2025/09,-,-,-,-
2867 三商壽,2025/09,-,-,-,-
2880 華南金,2025/09,"831,747",0.59,5.98,6.09
2881 富邦金,2025/09,"1,071,745",2.28,7.65,7.88
2881A 富邦特,2025/09,158,0,0.03,0
2881B 富邦金乙特,2025/09,157,0,0.02,0.81
2882 國泰金,2025/09,"1,959,192",3.1,13.36,6.67
2882A 國泰特,2025/09,240,0,0.03,-0.16
2882B 國泰金乙特,2025/09,758,0,0.11,-0.17
2883 凱基金,2025/09,"1,114,724",0.4,6.57,-1.97
2883A 開發特,2025/09,-,-,-,-
2883B 凱基金乙特,2025/09,"2,707",0,0.17,-0.51
2884 玉山金,2025/09,"647,732",0.52,4,-0.3
2885 元大金,2025/09,"1,400,917",1.18,10.51,7.23
2886 兆豐金,2025/09,"1,006,265",1.03,6.78,6.12
2887 台新新光金,2025/09,"1,461,215",0.63,5.88,10.77
2887C 新丙特,2025/09,-,-,-,-
2887E 台新新光戊特一,2025/09,-,-,-,-
2887F 台新新光戊特二,2025/09,345,0,0.12,0.11
2888 新光金,2025/09,-,-,-,-
2888A 新光金甲特,2025/09,-,-,-,-
2888B 新光金乙特,2025/09,-,-,-,-
2889 國票金,2025/09,"8,079",0,0.22,-0.65
2890 永豐金,2025/09,"924,384",0.56,7.05,6.84
2891 中信金,2025/09,"3,547,688",3.67,18.05,4.25
2891A 中信特,2025/09,-,-,-,-
2891B 中信金乙特,2025/09,237,0,0.07,0.16
2891C 中信金丙特,2025/09,303,0,0.18,0.67
2892 第一金,2025/09,"818,181",0.59,5.69,5.29
2897 王道銀行,2025/09,"3,287",0,0.12,0.44
2901 欣欣,2025/09,-,-,-,-
2902 中信,2025/09,-,-,-,-
2903 遠百,2025/09,636,0,0.04,7.67
2904 匯僑,2025/09,-,-,-,-
2905 三商,2025/09,-,-,-,-
2906 高林,2025/09,-,-,-,-
2908 特力,2025/09,-,-,-,-
2910 統領,2025/09,-,-,-,-
2911 麗嬰房,2025/09,-,-,-,-
2912 統一超,2025/09,"56,393",0.34,5.42,-2.55
2913 農林,2025/09,-,-,-,-
2915 潤泰全,2025/09,"37,846",0.05,3.43,-3.14
2916 滿心,2025/09,-,-,-,-
2921 和樂,2025/09,-,-,-,-
2923 鼎固-KY,2025/09,-,-,-,-
2924 宏太-KY,2025/09,-,-,-,-
2926 誠品生活,2025/09,-,-,-,-
2929 淘帝-KY,2025/09,-,-,-,-
2939 永邑-KY,2025/09,-,-,-,-
3001 協和,2025/09,-,-,-,-
3002 歐格,2025/09,-,-,-,-
3003 健和興,2025/09,4,0,0,-0.19
3004 豐達科,2025/09,"1,440",0,2.57,0
3005 神基,2025/09,"87,492",0.33,14.09,1.63
3006 晶豪科,2025/09,18,0,0.01,27.85
3007 綠點,2025/09,-,-,-,-
3008 大立光,2025/09,"3,598",0.2,2.7,-2.29
3009 奇美電,2025/09,-,-,-,-
3010 華立,2025/09,"9,198",0.02,3.55,-4.31
3011 今皓,2025/09,-,-,-,-
3012 廣輝,2025/09,-,-,-,-
3013 晟銘電,2025/09,777,0,0.38,-9.58
3014 聯陽,2025/09,"7,765",0.03,4.68,-0.37
3015 全漢,2025/09,770,0,0.41,-4.93
3016 嘉晶,2025/09,3,0,0,57.71
3017 奇鋐,2025/09,"35,355",0.84,9.05,-2.87
3018 隆銘綠能,2025/09,-,-,-,-
3019 亞光,2025/09,"1,642",0.01,0.59,-3.94
3020 奇普仕,2025/09,-,-,-,-
3021 鴻名,2025/09,-,-,-,-
3022 威強電,2025/09,508,0,0.29,-5.68
3023 信邦,2025/09,"15,892",0.09,6.62,-1.29
3024 憶聲,2025/09,-,-,-,-
3025 星通,2025/09,-,-,-,-
3026 禾伸堂,2025/09,3,0,0,13.45
3027 盛達,2025/09,-,-,-,-
3028 增你強,2025/09,-,-,-,-
3029 零壹,2025/09,654,0,0.39,0
3030 德律,2025/09,"14,174",0.06,6,-16.98
3031 佰鴻,2025/09,-,-,-,-
3032 偉訓,2025/09,603,0,0.53,-12.16
3033 威健,2025/09,"5,627",0,1.17,-0.18
3034 聯詠,2025/09,"172,607",1.78,28.37,-1.95
3035 智原,2025/09,"2,455",0.01,0.94,0.32
3036 文曄,2025/09,"161,977",0.55,14.43,14.23
3036A 文曄甲特,2025/09,945,0,0.7,0
3037 欣興,2025/09,"61,796",0.23,4.04,4.84
3038 全台,2025/09,"1,400",0,0.89,0.46
3039 宏傳,2025/09,-,-,-,-
3040 遠見,2025/09,-,-,-,-
3041 揚智,2025/09,-,-,-,-
3042 晶技,2025/09,"22,024",0.05,6.42,3.06
3043 科風,2025/09,-,-,-,-
3044 健鼎,2025/09,"90,436",0.66,17.21,-6.53
3045 台灣大,2025/09,"279,977",0.74,7.52,2.35
3046 建碁,2025/09,130,0,0.17,-6.44
3047 訊舟,2025/09,-,-,-,-
3048 益登,2025/09,2,0,0,5.23
3049 精金,2025/09,19,0,0,1.82
3050 鈺德,2025/09,-,-,-,-
3051 力特,2025/09,800,0,0.48,-4.5
3052 夆典,2025/09,-,-,-,-
3053 鼎營,2025/09,-,-,-,-
3054 立萬利,2025/09,-,-,-,-
3055 蔚華科,2025/09,-,-,-,-
3056 富華新,2025/09,185,0,0.04,-5
3057 喬鼎,2025/09,-,-,-,-
3058 立德,2025/09,-,-,-,-
3059 華晶科,2025/09,559,0,0.18,5.3
3060 銘異,2025/09,-,-,-,-
3061 璨圓,2025/09,-,-,-,-
3062 建漢,2025/09,-,-,-,-
3063 飛信,2025/09,-,-,-,-
3064 泰偉,2025/09,-,-,-,-
3066 李洲,2025/09,-,-,-,-
3067 全域,2025/09,-,-,-,-
3068 美磊,2025/09,-,-,-,-
3069 台金礦,2025/09,-,-,-,-
3071 協禧,2025/09,-,-,-,-
3072 台灣高技,2025/09,-,-,-,-
3073 天方能源,2025/09,-,-,-,-
3078 僑威,2025/09,"10,720",0.02,4.71,-10.53
3079 宏億國,2025/09,-,-,-,-
3080 威力盟,2025/09,-,-,-,-
3081 聯亞,2025/09,"10,173",0.11,11,-5.21
3083 網龍,2025/09,-,-,-,-
3085 新零售,2025/09,-,-,-,-
3086 華義,2025/09,-,-,-,-
3087 台灣美日,2025/09,-,-,-,-
3088 艾訊,2025/09,244,0,0.23,-7.93
3089 億杰,2025/09,-,-,-,-
3090 日電貿,2025/09,"10,488",0.02,4.84,7.56
3092 鴻碩,2025/09,-,-,-,-
3093 港建*,2025/09,-,-,-,-
3094 聯傑,2025/09,-,-,-,-
3095 及成,2025/09,-,-,-,-
3099 頂倫,2025/09,-,-,-,-
3105 穩懋,2025/09,364,0,0.09,0.22
3114 好德,2025/09,-,-,-,-
3118 進階,2025/09,-,-,-,-
3126 信億,2025/09,-,-,-,-
3128 昇銳,2025/09,-,-,-,-
3130 一零四,2025/09,11,0,0.03,0.89
3131 弘塑,2025/09,"1,582",0.06,5.41,2.97
3138 耀登,2025/09,-,-,-,-
3141 晶宏,2025/09,-,-,-,-
3142 遠茂,2025/09,-,-,-,-
3144 新揚科,2025/09,-,-,-,-
3147 大綜,2025/09,-,-,-,-
3149 正達,2025/09,-,-,-,-
3152 璟德,2025/09,-,-,-,-
3162 精確,2025/09,-,-,-,-
3163 波若威,2025/09,553,0,0.69,-9.27
3164 景岳,2025/09,-,-,-,-
3167 大量,2025/09,"2,171",0.01,2.46,-16.2
3169 亞信,2025/09,279,0,0.44,-1.35
3176 基亞,2025/09,-,-,-,-
3188 鑫龍騰,2025/09,-,-,-,-
3189 景碩,2025/09,"5,874",0.02,1.29,-5.29
3191 雲嘉南,2025/09,-,-,-,-
3202 樺晟,2025/09,-,-,-,-
3205 佰研,2025/09,-,-,-,-
3207 耀勝,2025/09,-,-,-,-
3209 全科,2025/09,"1,479",0,0.63,-2.64
3211 順達,2025/09,"38,255",0.34,24.84,2.47
3213 茂訊,2025/09,175,0,0.3,-2.98
3214 元砷,2025/09,-,-,-,-
3217 優群,2025/09,"1,980",0.01,2.2,0.87
3218 大學光,2025/09,8,0,0.01,-12.4
3221 台嘉碩,2025/09,-,-,-,-
3224 三顧,2025/09,-,-,-,-
3226 龍鋒,2025/09,-,-,-,-
3227 原相,2025/09,"16,042",0.09,10.7,22.78
3228 金麗科,2025/09,8,0,0.01,6.12
3229 晟鈦,2025/09,-,-,-,-
3230 錦明,2025/09,-,-,-,-
3231 緯創,2025/09,"362,511",1.23,11.4,24.34
3232 昱捷,2025/09,-,-,-,-
3234 光環,2025/09,-,-,-,-
3252 海灣,2025/09,-,-,-,-
3257 虹冠電,2025/09,-,-,-,-
3259 鑫創,2025/09,-,-,-,-
3260 威剛,2025/09,"27,275",0.1,8.37,53.17
3264 欣銓,2025/09,"59,691",0.12,12.18,14.4
3265 台星科,2025/09,373,0,0.27,-6.15
3266 昇陽,2025/09,-,-,-,-
3271 其樂達,2025/09,-,-,-,-
3272 東碩,2025/09,-,-,-,-
3276 宇環,2025/09,-,-,-,-
3284 太普高,2025/09,-,-,-,-
3285 微端,2025/09,-,-,-,-
3287 廣寰科,2025/09,-,-,-,-
3288 點晶,2025/09,-,-,-,-
3289 宜特,2025/09,46,0,0.06,-9.09
3290 東浦,2025/09,-,-,-,-
3291 遠翔科,2025/09,-,-,-,-
3293 鈊象,2025/09,"5,246",0.1,1.86,2.88
3294 英濟,2025/09,-,-,-,-
3296 勝德,2025/09,-,-,-,-
3297 杭特,2025/09,-,-,-,-
3298 圓創,2025/09,-,-,-,-
3299 帛漢,2025/09,-,-,-,-
3303 岱稜,2025/09,-,-,-,-
3305 昇貿,2025/09,-,-,-,-
3306 鼎天,2025/09,-,-,-,-
3308 聯德,2025/09,-,-,-,-
3311 閎暉,2025/09,-,-,-,-
3312 弘憶股,2025/09,-,-,-,-
3313 斐成,2025/09,-,-,-,-
3315 宣昶,2025/09,-,-,-,-
3317 尼克森,2025/09,-,-,-,-
3321 同泰,2025/09,-,-,-,-
3323 加百裕,2025/09,-,-,-,-
3324 雙鴻,2025/09,"1,752",0.04,1.89,22.63
3325 旭品,2025/09,-,-,-,-
3332 幸康,2025/09,-,-,-,-
3338 泰碩,2025/09,69,0,0.08,-10.15
3339 泰谷,2025/09,-,-,-,-
3346 麗清,2025/09,-,-,-,-
3354 律勝,2025/09,-,-,-,-
3356 奇偶,2025/09,-,-,-,-
3357 臺慶科,2025/09,393,0,0.38,4.84
3360 尚立,2025/09,-,-,-,-
3362 先進光,2025/09,13,0,0.01,-14.57
3363 上詮,2025/09,"1,482",0.01,1.43,-6.46
3367 英華達,2025/09,-,-,-,-
3369 鐵研,2025/09,-,-,-,-
3372 典範,2025/09,-,-,-,-
3373 熱映,2025/09,-,-,-,-
3374 精材,2025/09,839,0,0.31,4.74
3376 新日興,2025/09,"7,107",0.04,3.63,-1.52
3379 彬台,2025/09,-,-,-,-
3380 明泰,2025/09,982,0,0.18,1.04
3383 新世紀,2025/09,-,-,-,-
3388 崇越電,2025/09,-,-,-,-
3389 志遠,2025/09,-,-,-,-
3390 旭軟,2025/09,-,-,-,-
3402 漢科,2025/09,188,0,0.26,-5.32
3406 玉晶光,2025/09,"5,193",0.05,4.61,-5.93
3413 京鼎,2025/09,"4,368",0.03,3.98,3.97
3416 融程電,2025/09,62,0,0.08,-7.27
3419 譁裕,2025/09,-,-,-,-
3426 台興,2025/09,-,-,-,-
3428 光燿科,2025/09,-,-,-,-
3431 長天,2025/09,-,-,-,-
3437 榮創,2025/09,-,-,-,-
3438 類比科,2025/09,-,-,-,-
3441 聯一光,2025/09,-,-,-,-
3443 創意,2025/09,"4,594",0.15,3.43,0.75
3450 聯鈞,2025/09,"7,792",0.05,5.35,33.99
3452 益通,2025/09,-,-,-,-
3454 晶睿,2025/09,3,0,0,-6.34
3455 由田,2025/09,-,-,-,-
3466 德晉,2025/09,-,-,-,-
3474 台灣美光,2025/09,-,-,-,-
3479 安勤,2025/09,807,0,1.11,-5.19
3481 群創,2025/09,"10,545",0,0.13,2.49
3483 力致,2025/09,518,0,0.52,-2
3484 崧騰,2025/09,-,-,-,-
3490 單井,2025/09,-,-,-,-
3491 昇達科,2025/09,"5,447",0.06,8.14,13.01
3492 長盛,2025/09,-,-,-,-
3494 誠研,2025/09,-,-,-,-
3498 陽程,2025/09,-,-,-,-
3499 環天科,2025/09,-,-,-,-
3501 維熹,2025/09,-,-,-,-
3504 揚明光,2025/09,1,0,0,0.67
3508 位速,2025/09,-,-,-,-
3511 矽瑪,2025/09,-,-,-,-
3512 皇龍,2025/09,-,-,-,-
3514 昱晶,2025/09,-,-,-,-
3515 華擎,2025/09,"1,394",0.01,1.13,0.36
3516 亞帝歐,2025/09,-,-,-,-
3518 柏騰,2025/09,-,-,-,-
3519 綠能,2025/09,-,-,-,-
3520 華盈,2025/09,-,-,-,-
3521 鴻翊,2025/09,-,-,-,-
3522 御嵿,2025/09,-,-,-,-
3523 迎輝,2025/09,-,-,-,-
3526 凡甲,2025/09,760,0,1.16,0.2
3527 聚積,2025/09,-,-,-,-
3528 安馳,2025/09,-,-,-,-
3529 力旺,2025/09,"4,980",0.24,6.67,-2.42
3530 晶相光,2025/09,-,-,-,-
3531 先益,2025/09,-,-,-,-
3532 台勝科,2025/09,"2,267",0.01,0.58,20.83
3533 嘉澤,2025/09,"4,704",0.18,4.18,6.19
3534 雷凌,2025/09,-,-,-,-
3535 晶彩科,2025/09,-,-,-,-
3536 誠創,2025/09,-,-,-,-
3540 曜越,2025/09,-,-,-,-
3541 西柏,2025/09,-,-,-,-
3545 敦泰,2025/09,484,0,0.22,-0.69
3546 宇峻,2025/09,195,0,0.33,1.35
3548 兆利,2025/09,-,-,-,-
3550 聯穎,2025/09,-,-,-,-
3551 世禾,2025/09,290,0,0.47,-8.77
3552 同致,2025/09,-,-,-,-
3553 力積,2025/09,-,-,-,-
3555 博士旺,2025/09,-,-,-,-
3556 禾瑞亞,2025/09,-,-,-,-
3557 嘉威,2025/09,-,-,-,-
3558 神準,2025/09,157,0,0.27,-6.73
3559 全智科,2025/09,-,-,-,-
3561 昇陽光電,2025/09,-,-,-,-
3562 頂晶科,2025/09,-,-,-,-
3563 牧德,2025/09,490,0.01,0.84,-17.87
3564 其陽,2025/09,-,-,-,-
3567 逸昌,2025/09,-,-,-,-
3570 大塚,2025/09,-,-,-,-
3573 穎台,2025/09,-,-,-,-
3576 聯合再生,2025/09,9,0,0,7.84
3577 泓格,2025/09,-,-,-,-
3579 尚志,2025/09,-,-,-,-
3580 友威科,2025/09,-,-,-,-
3581 博磊,2025/09,-,-,-,-
3582 凌耀,2025/09,-,-,-,-
3583 辛耘,2025/09,"2,474",0.02,3.08,1.28
3584 介面,2025/09,-,-,-,-
3587 閎康,2025/09,721,0,1.08,4.62
3588 通嘉,2025/09,-,-,-,-
3591 艾笛森,2025/09,-,-,-,-
3592 瑞鼎,2025/09,"12,017",0.08,15.84,-6.4
3593 力銘,2025/09,-,-,-,-
3594 磐儀,2025/09,-,-,-,-
3596 智易,2025/09,"1,048",0.01,0.48,-7.38
3598 奕力,2025/09,-,-,-,-
3605 宏致,2025/09,141,0,0.09,-4.53
3607 谷崧,2025/09,-,-,-,-
3609 三一東林,2025/09,-,-,-,-
3611 鼎翰,2025/09,-,-,-,-
3614 誠致,2025/09,-,-,-,-
3615 安可,2025/09,-,-,-,-
3617 碩天,2025/09,"4,208",0.02,4.47,-6.7
3622 洋華,2025/09,-,-,-,-
3623 富晶通,2025/09,-,-,-,-
3624 光頡,2025/09,-,-,-,-
3625 西勝,2025/09,-,-,-,-
3628 盈正,2025/09,-,-,-,-
3629 地心引力,2025/09,-,-,-,-
3630 新鉅科,2025/09,-,-,-,-
3631 晟楠,2025/09,-,-,-,-
3638 F-IML,2025/09,-,-,-,-
3645 達邁,2025/09,-,-,-,-
3646 艾恩特,2025/09,-,-,-,-
3653 健策,2025/09,"13,272",0.77,9.16,15.04
3658 漢微科,2025/09,-,-,-,-
3661 世芯-KY,2025/09,"5,963",0.5,7.36,-13.73
3662 齊民,2025/09,-,-,-,-
3664 安瑞-KY,2025/09,-,-,-,-
3665 貿聯-KY,2025/09,"32,059",0.8,16.44,-4.19
3666 光耀,2025/09,-,-,-,-
3669 圓展,2025/09,-,-,-,-
3673 TPK-KY,2025/09,-,-,-,-
3675 德微,2025/09,-,-,-,-
3679 新至陞,2025/09,21,0,0.03,-0.43
3680 家登,2025/09,365,0,0.38,7.32
3682 亞太電,2025/09,-,-,-,-
3686 達能,2025/09,-,-,-,-
3687 歐買尬,2025/09,-,-,-,-
3689 湧德,2025/09,-,-,-,-
3691 碩禾,2025/09,-,-,-,-
3693 營邦,2025/09,-,-,-,-
3694 海華,2025/09,"4,320",0.01,2.79,-21.59
3697 F-晨星,2025/09,-,-,-,-
3698 隆達,2025/09,-,-,-,-
3701 大眾控,2025/09,-,-,-,-
3702 大聯大,2025/09,"314,195",0.5,18.71,-1.34
3702A 大聯大甲特,2025/09,-,-,-,-
3703 欣陸,2025/09,1,0,0,-2.36
3704 合勤控,2025/09,2,0,0,0
3705 永信,2025/09,94,0,0.04,4.83
3706 神達,2025/09,"24,686",0.05,1.86,-9.68
3707 漢磊,2025/09,300,0,0.08,28.91
3708 上緯投控,2025/09,-,-,-,-
3711 日月光投控,2025/09,"333,454",1.32,7.52,8.61
3712 永崴投控,2025/09,"2,075",0,0.84,-2.77
3714 富采,2025/09,7,0,0,0.64
3715 定穎投控,2025/09,"3,595",0.01,1.29,-21.58
4102 永日,2025/09,-,-,-,-
4103 百略,2025/09,-,-,-,-
4104 佳醫,2025/09,-,-,-,-
4105 東洋,2025/09,247,0,0.1,1.95
4106 雃博,2025/09,-,-,-,-
4107 邦特,2025/09,-,-,-,-
4108 懷特,2025/09,-,-,-,-
4109 加捷生醫,2025/09,-,-,-,-
4110 博登,2025/09,-,-,-,-
4111 濟生,2025/09,-,-,-,-
4113 聯上,2025/09,-,-,-,-
4114 健喬,2025/09,-,-,-,-
4119 旭富,2025/09,-,-,-,-
4120 友華,2025/09,-,-,-,-
4121 優盛,2025/09,-,-,-,-
4123 晟德,2025/09,689,0,0.1,4.44
4126 太醫,2025/09,-,-,-,-
4127 天良,2025/09,-,-,-,-
4128 中天,2025/09,-,-,-,-
4129 聯合,2025/09,218,0,0.23,6.49
4130 健亞,2025/09,-,-,-,-
4131 浩泰,2025/09,-,-,-,-
4133 亞諾法,2025/09,-,-,-,-
4137 麗豐-KY,2025/09,-,-,-,-
4138 曜亞,2025/09,-,-,-,-
4141 龍燈-KY,2025/09,-,-,-,-
4142 國光生,2025/09,-,-,-,-
4144 康聯-KY,2025/09,-,-,-,-
4147 中裕,2025/09,505,0,0.18,-6.54
4148 全宇生技-KY,2025/09,-,-,-,-
4152 台微體,2025/09,-,-,-,-
4153 鈺緯,2025/09,-,-,-,-
4154 樂威科-KY,2025/09,-,-,-,-
4157 太景*-KY,2025/09,-,-,-,-
4162 智擎,2025/09,-,-,-,-
4163 鐿鈦,2025/09,-,-,-,-
4164 承業醫,2025/09,"1,030",0,0.53,-2.13
4167 松瑞藥,2025/09,-,-,-,-
4168 醣聯,2025/09,-,-,-,-
4171 瑞基,2025/09,-,-,-,-
4174 浩鼎,2025/09,-,-,-,-
4175 杏一,2025/09,-,-,-,-
4180 保盛藥業,2025/09,-,-,-,-
4190 佐登-KY,2025/09,-,-,-,-
4192 杏國,2025/09,-,-,-,-
4202 正義,2025/09,-,-,-,-
4207 環泰,2025/09,-,-,-,-
4303 信立,2025/09,-,-,-,-
4305 世坤,2025/09,-,-,-,-
4306 炎洲,2025/09,-,-,-,-
4401 東隆興,2025/09,-,-,-,-
4402 郡都開發,2025/09,-,-,-,-
4404 百成行,2025/09,-,-,-,-
4406 新昕纖,2025/09,-,-,-,-
4414 如興,2025/09,-,-,-,-
4416 三圓建設,2025/09,-,-,-,-
4417 金洲,2025/09,-,-,-,-
4420 光明,2025/09,-,-,-,-
4424 民興,2025/09,-,-,-,-
4426 利勤,2025/09,-,-,-,-
4430 耀億,2025/09,-,-,-,-
4432 銘旺實,2025/09,-,-,-,-
4438 廣越,2025/09,-,-,-,-
4441 振大環球,2025/09,39,0,0.06,38.88
4502 健信,2025/09,-,-,-,-
4503 金雨,2025/09,-,-,-,-
4506 崇友,2025/09,-,-,-,-
4510 高鋒,2025/09,-,-,-,-
4513 福裕,2025/09,-,-,-,-
4522 大寶,2025/09,-,-,-,-
4523 永彰,2025/09,-,-,-,-
4526 東台,2025/09,-,-,-,-
4527 方方土霖,2025/09,-,-,-,-
4528 江興鍛,2025/09,-,-,-,-
4529 淳紳,2025/09,-,-,-,-
4530 宏易,2025/09,-,-,-,-
4532 瑞智,2025/09,"3,143",0,0.62,0.62
4533 協易機,2025/09,-,-,-,-
4534 慶騰,2025/09,-,-,-,-
4535 至興,2025/09,-,-,-,-
4536 拓凱,2025/09,857,0,0.94,1.85
4540 全球傳動,2025/09,-,-,-,-
4541 晟田,2025/09,170,0,0.25,-18.23
4545 銘鈺,2025/09,-,-,-,-
4549 桓達,2025/09,217,0,0.38,-17.28
4551 智伸科,2025/09,"4,371",0.01,3.79,-20.54
4552 力達-KY,2025/09,-,-,-,-
4557 永新-KY,2025/09,-,-,-,-
4560 強信-KY,2025/09,-,-,-,-
4564 元翎,2025/09,-,-,-,-
4566 時碩工業,2025/09,-,-,-,-
4568 科際精密,2025/09,-,-,-,-
4571 鈞興-KY,2025/09,125,0,0.24,-10.05
4572 駐龍,2025/09,176,0,0.44,-4.65
4576 大銀微系統,2025/09,372,0,0.31,-6.43
4583 台灣精銳,2025/09,547,0.01,0.68,-11.36
4609 唐鋒,2025/09,-,-,-,-
4702 中美實,2025/09,-,-,-,-
4703 揚華,2025/09,-,-,-,-
4707 磐亞,2025/09,-,-,-,-
4711 永純,2025/09,-,-,-,-
4712 福格創新,2025/09,-,-,-,-
4716 大立,2025/09,-,-,-,-
4717 天泰,2025/09,-,-,-,-
4720 德淵,2025/09,314,0,0.27,-0.95
4721 美琪瑪,2025/09,-,-,-,-
4722 國精化,2025/09,-,-,-,-
4725 信昌化,2025/09,-,-,-,-
4726 永昕,2025/09,-,-,-,-
4728 雙美,2025/09,-,-,-,-
4729 熒茂,2025/09,-,-,-,-
4733 上緯,2025/09,-,-,-,-
4735 豪展,2025/09,-,-,-,-
4736 泰博,2025/09,300,0,0.31,-7.5
4737 華廣,2025/09,-,-,-,-
4739 康普,2025/09,920,0,0.78,24.33
4743 合一,2025/09,-,-,-,-
4745 合富-KY,2025/09,-,-,-,-
4746 台耀,2025/09,-,-,-,-
4749 新應材,2025/09,"3,950",0.08,4.26,11.25
4755 三福化,2025/09,711,0,0.71,-2.37
4760 勤凱,2025/09,-,-,-,-
4763 材料*-KY,2025/09,"75,307",0.11,7.61,-13.7
4764 雙鍵,2025/09,-,-,-,-
4766 南寶,2025/09,"7,265",0.07,6.03,-3.32
4768 晶呈科技,2025/09,224,0,0.47,24.69
4770 上品,2025/09,"1,573",0.01,1.97,3.65
4772 台特化,2025/09,"1,665",0.01,1.13,7.71
4801 高盛電,2025/09,-,-,-,-
4803 VHQ-KY,2025/09,-,-,-,-
4804 大略-KY,2025/09,-,-,-,-
4807 日成-KY,2025/09,-,-,-,-
4903 聯光通,2025/09,-,-,-,-
4904 遠傳,2025/09,"359,666",0.77,9.97,4.99
4905 台聯電,2025/09,-,-,-,-
4906 正文,2025/09,671,0,0.16,-0.2
4907 富宇,2025/09,-,-,-,-
4908 前鼎,2025/09,-,-,-,-
4909 新復興,2025/09,-,-,-,-
4910 陽慶,2025/09,-,-,-,-
4911 德英,2025/09,-,-,-,-
4912 聯德控股-KY,2025/09,-,-,-,-
4915 致伸,2025/09,"81,486",0.15,17.29,-5.3
4916 事欣科,2025/09,-,-,-,-
4919 新唐,2025/09,536,0,0.13,0.48
4924 欣厚-KY,2025/09,-,-,-,-
4927 泰鼎-KY,2025/09,-,-,-,-
4930 燦星網,2025/09,-,-,-,-
4931 新盛力,2025/09,"1,840",0.01,2.8,-6.23
4933 友輝,2025/09,311,0,0.38,-5.35
4934 太極,2025/09,-,-,-,-
4935 茂林-KY,2025/09,-,-,-,-
4938 和碩,2025/09,"337,625",0.58,12.59,0.85
4939 亞電,2025/09,-,-,-,-
4942 嘉彰,2025/09,5,0,0,0.55
4943 康控-KY,2025/09,-,-,-,-
4944 兆遠,2025/09,-,-,-,-
4945 陞達科技,2025/09,-,-,-,-
4946 辣椒,2025/09,-,-,-,-
4947 昂寶-KY,2025/09,-,-,-,-
4950 金耘國際,2025/09,-,-,-,-
4952 凌通,2025/09,-,-,-,-
4953 緯軟,2025/09,193,0,0.26,3.59
4956 光鋐,2025/09,-,-,-,-
4958 臻鼎-KY,2025/09,"65,347",0.26,6.28,-15.52
4960 誠美材,2025/09,-,-,-,-
4961 天鈺,2025/09,"8,925",0.04,7.36,-3.66
4965 商店街,2025/09,-,-,-,-
4966 譜瑞-KY,2025/09,"2,567",0.05,3.21,-5.12
4967 十銓,2025/09,-,-,-,-
4968 立積,2025/09,"1,199",0,1.3,-1.98
4971 IET-KY,2025/09,-,-,-,-
4973 廣穎,2025/09,-,-,-,-
4974 亞泰,2025/09,-,-,-,-
4976 佳凌,2025/09,-,-,-,-
4977 眾達-KY,2025/09,142,0,0.18,1.25
4979 華星光,2025/09,"7,829",0.04,5.56,5.37
4984 科納-KY,2025/09,-,-,-,-
4987 科誠,2025/09,-,-,-,-
4989 榮科,2025/09,-,-,-,-
4991 環宇-KY,2025/09,"7,402",0.02,6.5,-14.02
4994 傳奇,2025/09,2,0,0,5.64
4999 鑫禾,2025/09,-,-,-,-
5002 住聯,2025/09,-,-,-,-
5006 高鋁,2025/09,-,-,-,-
5007 三星,2025/09,12,0,0,0.77
5008 長銘,2025/09,-,-,-,-
5009 榮剛,2025/09,"3,610",0,0.6,-6.41
5013 強新,2025/09,-,-,-,-
5014 建錩,2025/09,-,-,-,-
5015 華祺,2025/09,-,-,-,-
5016 松和,2025/09,-,-,-,-
5017 新泰伸,2025/09,-,-,-,-
5202 力新,2025/09,-,-,-,-
5203 訊連,2025/09,20,0,0.03,2.81
5204 得捷,2025/09,-,-,-,-
5205 中茂,2025/09,-,-,-,-
5206 坤悅,2025/09,-,-,-,-
5207 飛雅,2025/09,-,-,-,-
5208 蔚華,2025/09,-,-,-,-
5209 新鼎,2025/09,-,-,-,-
5211 蒙恬,2025/09,-,-,-,-
5212 凌網,2025/09,-,-,-,-
5213 亞昕,2025/09,-,-,-,-
5215 科嘉-KY,2025/09,-,-,-,-
5220 萬達光電,2025/09,-,-,-,-
5222 全訊,2025/09,"1,068",0,1.17,-5.98
5225 東科-KY,2025/09,-,-,-,-
5227 立凱-KY,2025/09,-,-,-,-
5230 雷笛克光學,2025/09,-,-,-,-
5234 達興材料,2025/09,"5,920",0.06,5.76,2.75
5236 凌陽創新,2025/09,9,0,0.01,-7.78
5243 乙盛-KY,2025/09,"1,047",0,0.62,1.78
5244 弘凱,2025/09,-,-,-,-
5245 智晶,2025/09,-,-,-,-
5251 天鉞電,2025/09,-,-,-,-
5258 虹堡,2025/09,-,-,-,-
5261 創傑,2025/09,-,-,-,-
5263 智崴,2025/09,-,-,-,-
5264 鎧勝-KY,2025/09,-,-,-,-
5266 F*AS,2025/09,-,-,-,-
5269 祥碩,2025/09,838,0.03,1.12,-10.3
5272 笙科,2025/09,-,-,-,-
5274 信驊,2025/09,"1,813",0.22,4.8,1.1
5280 F-敦泰,2025/09,-,-,-,-
5281 大峽谷-KY,2025/09,-,-,-,-
5283 禾聯碩,2025/09,-,-,-,-
5284 jpp-KY,2025/09,105,0,0.2,4.37
5285 界霖,2025/09,1,0,0,2.86
5287 數字,2025/09,-,-,-,-
5288 豐祥-KY,2025/09,28,0,0.04,-12.6
5289 宜鼎,2025/09,"1,652",0.01,1.73,13.43
5299 杰力,2025/09,-,-,-,-
5301 寶得利,2025/09,-,-,-,-
5302 太欣,2025/09,-,-,-,-
5304 鼎創達,2025/09,-,-,-,-
5305 敦南,2025/09,-,-,-,-
5306 桂盟,2025/09,-,-,-,-
5307 耀文,2025/09,-,-,-,-
5309 系統電,2025/09,"1,820",0,0.89,18.86
5310 天剛,2025/09,-,-,-,-
5312 寶島科,2025/09,-,-,-,-
5313 皇旗,2025/09,-,-,-,-
5314 世紀*,2025/09,"1,212",0,0.42,76.25
5315 光聯,2025/09,-,-,-,-
5317 Ｄ凱美,2025/09,-,-,-,-
5318 威豪聯合,2025/09,-,-,-,-
5321 美而快,2025/09,-,-,-,-
5324 士開,2025/09,-,-,-,-
5325 大騰,2025/09,-,-,-,-
5326 漢磊科技,2025/09,-,-,-,-
5328 華容,2025/09,-,-,-,-
5332 旭龍,2025/09,-,-,-,-
5333 佳茂,2025/09,-,-,-,-
5336 華特,2025/09,-,-,-,-
5340 建榮,2025/09,-,-,-,-
5343 矽豐,2025/09,-,-,-,-
5344 立衛,2025/09,-,-,-,-
5345 馥鴻,2025/09,-,-,-,-
5346 力晶,2025/09,-,-,-,-
5347 世界,2025/09,"374,785",0.92,20.07,11.48
5348 正能量智能,2025/09,-,-,-,-
5349 先豐,2025/09,-,-,-,-
5351 鈺創,2025/09,32,0,0.01,-0.58
5353 台林,2025/09,-,-,-,-
5355 佳總,2025/09,-,-,-,-
5356 協益,2025/09,-,-,-,-
5364 力麗店,2025/09,-,-,-,-
5371 中光電,2025/09,"3,507",0.01,0.9,-10.98
5372 十美,2025/09,-,-,-,-
5375 台灣慧智,2025/09,-,-,-,-
5376 東正元,2025/09,-,-,-,-
5381 合正,2025/09,-,-,-,-
5383 金利,2025/09,-,-,-,-
5384 捷元,2025/09,-,-,-,-
5385 瑩寶,2025/09,-,-,-,-
5386 青雲,2025/09,-,-,-,-
5387 茂德,2025/09,-,-,-,-
5388 中磊,2025/09,"13,171",0.03,4.33,-4.27
5392 能率,2025/09,-,-,-,-
5395 圓方,2025/09,-,-,-,-
5398 慕康生醫,2025/09,-,-,-,-
5401 第三波,2025/09,-,-,-,-
5403 中菲,2025/09,-,-,-,-
5414 磐英,2025/09,-,-,-,-
5425 台半,2025/09,"1,454",0,0.55,7.21
5426 振發,2025/09,-,-,-,-
5432 新門,2025/09,-,-,-,-
5434 崇越,2025/09,"12,401",0.09,6.45,7.53
5436 立生,2025/09,-,-,-,-
5438 東友,2025/09,-,-,-,-
5439 高技,2025/09,"3,542",0.03,3.81,-0.78
5441 聯友光電,2025/09,-,-,-,-
5442 世峰,2025/09,-,-,-,-
5443 均豪,2025/09,-,-,-,-
5448 維迪,2025/09,-,-,-,-
5450 南良,2025/09,-,-,-,-
5452 佶優,2025/09,-,-,-,-
5455 昇益,2025/09,-,-,-,-
5457 宣德,2025/09,386,0,0.22,4.73
5460 同協,2025/09,-,-,-,-
5464 霖宏,2025/09,-,-,-,-
5465 富驊,2025/09,-,-,-,-
5466 泰林,2025/09,-,-,-,-
5468 凱鈺,2025/09,-,-,-,-
5469 瀚宇博,2025/09,188,0,0.04,1.89
5471 松翰,2025/09,3,0,0,4.23
5473 矽成,2025/09,-,-,-,-
5474 聰泰,2025/09,-,-,-,-
5475 德宏,2025/09,-,-,-,-
5478 智冠,2025/09,-,-,-,-
5480 統盟,2025/09,-,-,-,-
5481 新華,2025/09,-,-,-,-
5483 中美晶,2025/09,"66,255",0.19,10.33,12.08
5484 慧友,2025/09,-,-,-,-
5487 通泰,2025/09,-,-,-,-
5488 松普,2025/09,-,-,-,-
5489 彩富,2025/09,-,-,-,-
5490 同亨,2025/09,-,-,-,-
5491 連展,2025/09,-,-,-,-
5492 亞智科,2025/09,-,-,-,-
5493 三聯,2025/09,-,-,-,-
5494 德鑫,2025/09,-,-,-,-
5498 凱崴,2025/09,-,-,-,-
5501 金腦科,2025/09,-,-,-,-
5502 龍田,2025/09,-,-,-,-
5503 榮美開發,2025/09,-,-,-,-
5504 信南,2025/09,-,-,-,-
5505 和旺,2025/09,-,-,-,-
5506 長鴻,2025/09,-,-,-,-
5508 永信建,2025/09,"22,143",0.05,10.18,20.03
5511 德昌,2025/09,-,-,-,-
5512 力麒,2025/09,-,-,-,-
5513 德利,2025/09,-,-,-,-
5514 三豐,2025/09,-,-,-,-
5515 建國,2025/09,145,0,0.07,2.55
5519 隆大,2025/09,-,-,-,-
5520 力泰,2025/09,-,-,-,-
5521 工信,2025/09,-,-,-,-
5522 遠雄,2025/09,"77,983",0.12,9.98,0.81
5523 豐謙,2025/09,-,-,-,-
5524 捷力科技,2025/09,-,-,-,-
5525 順天,2025/09,-,-,-,-
5528 廣大,2025/09,-,-,-,-
5529 鉅陞,2025/09,-,-,-,-
5530 龍巖,2025/09,-,-,-,-
5531 鄉林,2025/09,-,-,-,-
5533 皇鼎,2025/09,-,-,-,-
5534 長虹,2025/09,484,0,0.17,0.93
5536 聖暉*,2025/09,"9,614",0.18,7.75,-13.12
5538 東明-KY,2025/09,-,-,-,-
5601 台聯櫃,2025/09,-,-,-,-
5602 榮櫃,2025/09,-,-,-,-
5603 陸海,2025/09,-,-,-,-
5604 中連,2025/09,-,-,-,-
5605 遠航,2025/09,-,-,-,-
5607 遠雄港,2025/09,-,-,-,-
5608 四維航,2025/09,-,-,-,-
5609 中菲行,2025/09,-,-,-,-
5701 劍湖山,2025/09,-,-,-,-
5702 統合,2025/09,-,-,-,-
5704 老爺知,2025/09,-,-,-,-
5706 鳳凰,2025/09,140,0,0.16,-4.48
5801 第一金投,2025/09,-,-,-,-
5810 寶華,2025/09,-,-,-,-
5818 僑銀,2025/09,-,-,-,-
5819 玉山票券,2025/09,-,-,-,-
5820 日盛金,2025/09,-,-,-,-
5828 富邦保,2025/09,-,-,-,-
5831 新光人壽,2025/09,-,-,-,-
5833 元大證金,2025/09,-,-,-,-
5834 兆豐保險,2025/09,-,-,-,-
5835 國泰世華,2025/09,-,-,-,-
5836 台北富邦銀,2025/09,-,-,-,-
5838 華銀,2025/09,-,-,-,-
5839 中華開發資本,2025/09,-,-,-,-
5840 國票,2025/09,-,-,-,-
5841 中信銀,2025/09,-,-,-,-
5842 兆豐票券,2025/09,-,-,-,-
5843 兆豐銀行,2025/09,-,-,-,-
5844 一銀,2025/09,-,-,-,-
5846 國壽,2025/09,-,-,-,-
5847 玉山銀,2025/09,-,-,-,-
5848 台新銀,2025/09,-,-,-,-
5849 永豐銀行,2025/09,-,-,-,-
5850 日盛銀行,2025/09,-,-,-,-
5852 元大銀,2025/09,-,-,-,-
5854 合庫,2025/09,-,-,-,-
5871 中租-KY,2025/09,"219,730",0.59,12.84,-4.29
5871A 中租-KY甲特,2025/09,190,0,0.13,0.5
5876 上海商銀,2025/09,"582,287",0.59,11.98,2.56
5880 合庫金,2025/09,"242,385",0.14,1.55,4.01
5901 中友,2025/09,-,-,-,-
5902 德記,2025/09,-,-,-,-
5903 全家,2025/09,661,0,0.3,-0.52
5904 寶雅,2025/09,403,0,0.38,0.43
5905 南仁湖,2025/09,-,-,-,-
5907 大洋-KY,2025/09,-,-,-,-
6002 台育證券,2025/09,-,-,-,-
6003 大華證券,2025/09,-,-,-,-
6004 元京證,2025/09,-,-,-,-
6005 群益證,2025/09,"176,015",0.1,8.11,13.07
6008 凱基證,2025/09,-,-,-,-
6010 台証證券,2025/09,-,-,-,-
6012 金鼎證,2025/09,-,-,-,-
6013 京華證券,2025/09,-,-,-,-
6015 宏遠證,2025/09,-,-,-,-
6016 康和證,2025/09,-,-,-,-
6017 亞洲證券,2025/09,-,-,-,-
6018 新寶證券,2025/09,-,-,-,-
6020 大展證,2025/09,-,-,-,-
6021 美好證,2025/09,-,-,-,-
6022 大眾證,2025/09,-,-,-,-
6023 元大期,2025/09,-,-,-,-
6024 群益期,2025/09,89,0,0.04,-1.83
6101 寬魚國際,2025/09,-,-,-,-
6103 合邦,2025/09,-,-,-,-
6104 創惟,2025/09,79,0,0.09,-10.38
6105 瑞傳,2025/09,-,-,-,-
6107 華美,2025/09,-,-,-,-
6108 競國,2025/09,-,-,-,-
6109 亞元,2025/09,-,-,-,-
6110 艾群,2025/09,-,-,-,-
6111 大宇資,2025/09,-,-,-,-
6112 邁達特,2025/09,-,-,-,-
6113 亞矽,2025/09,-,-,-,-
6115 鎰勝,2025/09,1,0,0,2.36
6116 彩晶,2025/09,10,0,0,7.52
6117 迎廣,2025/09,-,-,-,-
6118 建達,2025/09,-,-,-,-
6119 大傳,2025/09,-,-,-,-
6120 達運,2025/09,-,-,-,-
6121 新普,2025/09,"35,789",0.32,19.35,-6.21
6122 擎邦,2025/09,-,-,-,-
6123 上奇,2025/09,-,-,-,-
6124 業強,2025/09,-,-,-,-
6125 廣運,2025/09,-,-,-,-
6126 信音,2025/09,-,-,-,-
6127 九豪,2025/09,-,-,-,-
6128 上福,2025/09,-,-,-,-
6129 普誠,2025/09,-,-,-,-
6130 上亞科技,2025/09,-,-,-,-
6131 鈞泰,2025/09,-,-,-,-
6132 銳普,2025/09,-,-,-,-
6133 金橋,2025/09,-,-,-,-
6134 萬旭,2025/09,-,-,-,-
6135 佳營,2025/09,-,-,-,-
6136 富爾特,2025/09,-,-,-,-
6137 新寶科,2025/09,-,-,-,-
6138 茂達,2025/09,"1,619",0.01,2.17,24.3
6139 亞翔,2025/09,"6,853",0.06,2.91,5.7
6140 訊達,2025/09,-,-,-,-
6141 柏承,2025/09,-,-,-,-
6142 友勁,2025/09,-,-,-,-
6143 振曜,2025/09,525,0,0.61,18.44
6145 勁永,2025/09,-,-,-,-
6146 耕興,2025/09,54,0,0.05,1.42
6147 頎邦,2025/09,"63,956",0.09,8.59,3.36
6148 驊宏資,2025/09,-,-,-,-
6149 禾鴻,2025/09,-,-,-,-
6150 撼訊,2025/09,-,-,-,-
6151 晉倫,2025/09,-,-,-,-
6152 百一,2025/09,-,-,-,-
6153 嘉聯益,2025/09,12,0,0,-1.62
6154 順發,2025/09,-,-,-,-
6155 鈞寶,2025/09,-,-,-,-
6156 松上,2025/09,-,-,-,-
6158 禾昌,2025/09,-,-,-,-
6159 詮鼎,2025/09,-,-,-,-
6160 欣技,2025/09,-,-,-,-
6161 捷波,2025/09,-,-,-,-
6162 鴻源科,2025/09,-,-,-,-
6163 華電網,2025/09,-,-,-,-
6164 華興,2025/09,-,-,-,-
6165 浪凡,2025/09,-,-,-,-
6166 凌華,2025/09,5,0,0,-5.56
6167 久正,2025/09,-,-,-,-
6168 宏齊,2025/09,6,0,0,-0.24
6169 昱泉,2025/09,-,-,-,-
6170 統振,2025/09,-,-,-,-
6172 互億,2025/09,-,-,-,-
6173 信昌電,2025/09,-,-,-,-
6175 立敦,2025/09,-,-,-,-
6176 瑞儀,2025/09,"146,387",0.51,31.48,0
6177 達麗,2025/09,"11,999",0.01,2.54,15.92
6178 振遠,2025/09,-,-,-,-
6179 亞通,2025/09,-,-,-,-
6180 橘子,2025/09,"3,393",0.01,1.93,2
6181 宇詮,2025/09,-,-,-,-
6182 合晶,2025/09,144,0,0.03,26.61
6183 關貿,2025/09,1,0,0,2.06
6184 大豐電,2025/09,25,0,0.02,-2.64
6185 幃翔,2025/09,-,-,-,-
6186 新潤,2025/09,533,0,0.27,8.36
6187 萬潤,2025/09,"1,822",0.02,1.88,-1.29
6188 廣明,2025/09,31,0,0.01,-7.66
6189 豐藝,2025/09,287,0,0.11,-4.94
6190 萬泰科,2025/09,-,-,-,-
6191 精成科,2025/09,"26,227",0.08,5.25,-16.67
6192 巨路,2025/09,-,-,-,-
6193 洪氏英,2025/09,-,-,-,-
6194 育富,2025/09,-,-,-,-
6195 詩肯,2025/09,-,-,-,-
6196 帆宣,2025/09,"16,187",0.1,7.43,-7.39
6197 佳必琪,2025/09,"5,017",0.02,4.11,-9.78
6198 瑞築,2025/09,-,-,-,-
6199 天品,2025/09,-,-,-,-
6201 亞弘電,2025/09,-,-,-,-
6202 盛群,2025/09,29,0,0.01,3.72
6203 海韻電,2025/09,397,0,0.48,-4.51
6204 艾華,2025/09,-,-,-,-
6205 詮欣,2025/09,-,-,-,-
6206 飛捷,2025/09,"6,400",0.02,4.47,-5.41
6207 雷科,2025/09,-,-,-,-
6208 日揚,2025/09,-,-,-,-
6209 今國光,2025/09,-,-,-,-
6210 慶生,2025/09,-,-,-,-
6211 福登,2025/09,-,-,-,-
6212 理銘,2025/09,-,-,-,-
6213 聯茂,2025/09,961,0,0.26,-22.63
6214 精誠,2025/09,964,0,0.35,2.98
6215 和椿,2025/09,-,-,-,-
6216 居易,2025/09,-,-,-,-
6217 中探針,2025/09,-,-,-,-
6218 豪勉,2025/09,-,-,-,-
6220 岳豐,2025/09,-,-,-,-
6221 晉泰,2025/09,-,-,-,-
6222 立軒,2025/09,-,-,-,-
6223 旺矽,2025/09,"21,330",0.88,22.49,23.38
6224 聚鼎,2025/09,-,-,-,-
6225 天瀚,2025/09,-,-,-,-
6226 光鼎,2025/09,-,-,-,-
6227 茂綸,2025/09,-,-,-,-
6228 全譜,2025/09,-,-,-,-
6229 研通,2025/09,-,-,-,-
6230 尼得科超眾,2025/09,1,0,0,1.03
6231 系微,2025/09,260,0,0.57,13.8
6232 仕欽,2025/09,-,-,-,-
6233 旺玖,2025/09,-,-,-,-
6234 高僑,2025/09,-,-,-,-
6235 華孚,2025/09,-,-,-,-
6236 中湛,2025/09,-,-,-,-
6237 驊訊,2025/09,-,-,-,-
6238 勝麗,2025/09,-,-,-,-
6239 力成,2025/09,"202,465",0.71,26.67,22.69
6242 立康,2025/09,-,-,-,-
6243 迅杰,2025/09,-,-,-,-
6244 茂迪,2025/09,-,-,-,-
6245 立端,2025/09,993,0,0.68,-4.49
6246 臺龍,2025/09,-,-,-,-
6247 淇譽電,2025/09,-,-,-,-
6248 沛波,2025/09,-,-,-,-
6251 定穎,2025/09,-,-,-,-
6255 奈普,2025/09,-,-,-,-
6257 矽格,2025/09,"68,333",0.15,14.12,7.56
6261 久元,2025/09,-,-,-,-
6263 普萊德,2025/09,4,0,0.01,-1.04
6264 富裔,2025/09,-,-,-,-
6265 方土昶,2025/09,-,-,-,-
6266 泰詠,2025/09,-,-,-,-
6269 台郡,2025/09,5,0,0,-8.38
6270 倍微,2025/09,-,-,-,-
6271 同欣電,2025/09,3,0,0,2.65
6274 台燿,2025/09,"36,644",0.28,12.69,-14.54
6275 元山,2025/09,-,-,-,-
6277 宏正,2025/09,1,0,0,6.95
6278 台表科,2025/09,"62,071",0.16,21.23,-2.79
6279 胡連,2025/09,"1,477",0,1.24,-7.34
6280 崇貿,2025/09,-,-,-,-
6281 全國電,2025/09,1,0,0,-1.99
6282 康舒,2025/09,960,0,0.11,6.1
6283 淳安,2025/09,-,-,-,-
6284 佳邦,2025/09,34,0,0.02,8.47
6285 啟碁,2025/09,"40,491",0.11,8.36,-8.27
6286 立錡,2025/09,-,-,-,-
6287 元隆,2025/09,-,-,-,-
6288 聯嘉,2025/09,-,-,-,-
6289 華上,2025/09,-,-,-,-
6290 良維,2025/09,501,0,0.31,9.87
6291 沛亨,2025/09,200,0,0.48,6.15
6292 迅德,2025/09,-,-,-,-
6294 智基,2025/09,-,-,-,-
6298 崴強,2025/09,-,-,-,-
6402 基泰營,2025/09,-,-,-,-
6405 悅城,2025/09,-,-,-,-
6409 旭隼,2025/09,633,0.01,0.72,-6.36
6411 晶焱,2025/09,-,-,-,-
6412 群電,2025/09,"37,181",0.09,9.28,-4.95
6414 樺漢,2025/09,"5,632",0.04,4.09,-8.54
6415 矽力*-KY,2025/09,"4,677",0.03,1.2,-16.37
6416 瑞祺電通,2025/09,2,0,0,-8.07
6417 韋僑,2025/09,-,-,-,-
6422 君耀-KY,2025/09,-,-,-,-
6426 統新,2025/09,-,-,-,-
6435 大中,2025/09,-,-,-,-
6438 迅得,2025/09,908,0,1.1,-14.7
6441 廣錠,2025/09,-,-,-,-
6442 光聖,2025/09,"3,674",0.07,4.75,-14.18
6443 元晶,2025/09,-,-,-,-
6446 藥華藥,2025/09,"3,339",0.04,0.88,15.11
6449 鈺邦,2025/09,151,0,0.16,7.44
6451 訊芯-KY,2025/09,-,-,-,-
6452 康友-KY,2025/09,-,-,-,-
6456 GIS-KY,2025/09,3,0,0,-0.48
6457 紘康,2025/09,-,-,-,-
6462 神盾,2025/09,69,0,0.08,-0.39
6464 台數科,2025/09,-,-,-,-
6469 大樹,2025/09,14,0,0.01,-7.86
6470 宇智,2025/09,-,-,-,-
6472 保瑞,2025/09,"1,117",0.02,0.89,-5.09
6477 安集,2025/09,-,-,-,-
6485 點序,2025/09,-,-,-,-
6488 環球晶,2025/09,"10,469",0.12,2.19,25.4
6491 晶碩,2025/09,46,0,0.06,0.31
6492 生華科,2025/09,-,-,-,-
6494 九齊,2025/09,-,-,-,-
6499 益安,2025/09,-,-,-,-
6504 南六,2025/09,-,-,-,-
6505 台塑化,2025/09,"28,194",0.03,0.3,1.12
6506 雙邦,2025/09,-,-,-,-
6508 惠光,2025/09,-,-,-,-
6509 聚和,2025/09,501,0,0.25,-1.01
6510 精測,2025/09,"5,511",0.26,16.81,54.62
6514 芮特-KY,2025/09,-,-,-,-
6515 穎崴,2025/09,"5,694",0.31,15.8,64.73
6523 達爾膚,2025/09,22,0,0.05,4.6
6525 捷敏-KY,2025/09,45,0,0.03,6.92
6526 達發,2025/09,385,0,0.23,-8.79
6531 愛普*,2025/09,"2,199",0.02,1.35,10.19
6532 瑞耘,2025/09,-,-,-,-
6533 晶心科,2025/09,7,0,0.01,7.72
6535 順藥,2025/09,"2,206",0.02,1.31,51.05
6538 倉和,2025/09,97,0,0.26,-10.14
6541 泰福-KY,2025/09,-,-,-,-
6546 正基,2025/09,-,-,-,-
6547 高端疫苗,2025/09,-,-,-,-
6548 長科*,2025/09,"1,540",0,0.16,1.62
6550 北極星藥業-KY,2025/09,-,-,-,-
6552 易華電,2025/09,-,-,-,-
6554 中美冠科-KY,2025/09,-,-,-,-
6558 興能高,2025/09,-,-,-,-
6561 是方,2025/09,196,0,0.25,-4.09
6568 宏觀,2025/09,-,-,-,-
6569 醫揚,2025/09,-,-,-,-
6570 維田,2025/09,-,-,-,-
6576 逸達,2025/09,-,-,-,-
6577 勁豐,2025/09,-,-,-,-
6579 研揚,2025/09,3,0,0,-4.4
6581 鋼聯,2025/09,-,-,-,-
6582 申豐,2025/09,-,-,-,-
6584 南俊國際,2025/09,"2,281",0.01,3.42,-9.65
6585 鼎基,2025/09,-,-,-,-
6589 台康生技,2025/09,-,-,-,-
6591 動力-KY,2025/09,200,0,0.49,-17.17
6592 和潤企業,2025/09,357,0,0.06,-0.14
6592A 和潤企業甲特,2025/09,260,0,0.52,1.24
6592B 和潤企業乙特,2025/09,749,0,1.5,1.13
6598 ABC-KY,2025/09,-,-,-,-
6605 帝寶,2025/09,"5,040",0.02,3.04,-8.65
6609 瀧澤科,2025/09,-,-,-,-
6612 奈米醫材,2025/09,-,-,-,-
6613 朋億*,2025/09,756,0,0.97,-19.82
6640 均華,2025/09,32,0,0.11,8.17
6643 M31,2025/09,23,0,0.06,-11.13
6664 群翊,2025/09,39,0,0.06,-2.31
6666 羅麗芬-KY,2025/09,-,-,-,-
6667 信紘科,2025/09,417,0,0.85,-9.3
6668 中揚光,2025/09,-,-,-,-
6669 緯穎,2025/09,"7,747",0.62,4.17,11.8
6670 復盛應用,2025/09,"16,474",0.1,11.82,-1.69
6672 騰輝電子-KY,2025/09,-,-,-,-
6679 鈺太,2025/09,6,0,0.01,2.89
6683 雍智科技,2025/09,-,-,-,-
6689 伊雲谷,2025/09,650,0,0.96,-2.98
6691 洋基工程,2025/09,"1,377",0.01,1.13,-10.06
6695 芯鼎,2025/09,-,-,-,-
6698 旭暉應材,2025/09,-,-,-,-
6702 興航,2025/09,-,-,-,-
6703 軒郁,2025/09,-,-,-,-
6706 惠特,2025/09,1,0,0,43.41
6712 長聖,2025/09,-,-,-,-
6715 嘉基,2025/09,1,0,0,-17.97
6716 應廣,2025/09,-,-,-,-
6719 力智,2025/09,29,0,0.03,12.23
6732 昇佳電子,2025/09,9,0,0.02,19.1
6739 竹陞科技,2025/09,275,0.01,1.18,41.05
6741 91APP*-KY,2025/09,-,-,-,-
6743 安普新,2025/09,-,-,-,-
6747 亨泰光,2025/09,-,-,-,-
6753 龍德造船,2025/09,-,-,-,-
6754 匯僑設計,2025/09,46,0,0.07,-5.88
6756 威鋒電子,2025/09,11,0,0.02,-5.09
6757 台灣虎航,2025/09,"37,757",0.07,8.22,-0.85
6763 綠界科技*,2025/09,41,0,0.02,-5.4
6768 志強-KY,2025/09,"4,077",0.01,2.04,-2.39
6770 力積電,2025/09,"2,809",0,0.07,59.75
6776 展碁國際,2025/09,-,-,-,-
6781 AES-KY,2025/09,"3,672",0.1,4.3,-14.07
6782 視陽,2025/09,772,0,1.23,0
6785 昱展新藥,2025/09,-,-,-,-
6788 華景電,2025/09,49,0,0.13,-11.05
6789 采鈺,2025/09,"1,219",0.01,0.38,6.06
6790 永豐實,2025/09,-,-,-,-
6796 晉弘,2025/09,-,-,-,-
6799 來頡,2025/09,673,0,1.56,-2.36
6803 崑鼎,2025/09,-,-,-,-
6805 富世達,2025/09,"7,134",0.17,10.41,-12.63
6806 森崴能源,2025/09,125,0,0.05,1.26
6811 宏碁資訊,2025/09,100,0,0.24,-7.41
6829 千附精密,2025/09,120,0,0.2,-9.45
6830 汎銓,2025/09,-,-,-,-
6859 伯特光,2025/09,108,0,0.26,-8.24
6863 永道-KY,2025/09,223,0,0.3,-9.39
6873 泓德能源,2025/09,485,0,0.34,-16
6890 來億-KY,2025/09,154,0,0.06,-7.28
6895 宏碩系統,2025/09,-,-,-,-
6913 鴻呈,2025/09,200,0,0.46,0.37
6919 康霈*,2025/09,"18,925",0.08,1.22,-8.17
6937 天虹,2025/09,56,0,0.08,19.44
6944 兆聯實業,2025/09,836,0.01,1.1,-9.61
6957 裕慶-KY,2025/09,-,-,-,-
6960 南山產物,2025/09,-,-,-,-
6962 奕力-KY,2025/09,10,0,0,-3.2
6996 力領科技,2025/09,-,-,-,-
7556 意德士,2025/09,-,-,-,-
7712 博盛半導體,2025/09,-,-,-,-
7722 LINEPAY,2025/09,54,0,0.08,-0.89
7734 印能科技,2025/09,3,0,0.01,3.88
7749 意騰-KY,2025/09,192,0,0.41,-18.6
8008 建興電,2025/09,-,-,-,-
8011 台通,2025/09,-,-,-,-
8016 矽創,2025/09,"11,822",0.06,9.84,3.33
8017 展茂,2025/09,-,-,-,-
8019 金山,2025/09,-,-,-,-
8021 尖點,2025/09,"7,044",0.02,4.95,11.6
8024 佑華,2025/09,-,-,-,-
8027 鈦昇,2025/09,-,-,-,-
8028 昇陽半導體,2025/09,"2,687",0.01,1.54,11.46
8032 光菱,2025/09,-,-,-,-
8033 雷虎,2025/09,-,-,-,-
8034 榮群,2025/09,-,-,-,-
8038 長園科,2025/09,-,-,-,-
8039 台虹,2025/09,"1,152",0,0.44,7.73
8040 九暘,2025/09,-,-,-,-
8042 金山電,2025/09,-,-,-,-
8043 蜜望實,2025/09,-,-,-,-
8044 網家,2025/09,-,-,-,-
8045 達運光電,2025/09,-,-,-,-
8046 南電,2025/09,"9,235",0.05,1.43,2.73
8048 德勝,2025/09,-,-,-,-
8049 晶采,2025/09,-,-,-,-
8050 廣積,2025/09,287,0,0.14,-9.45
8054 安國,2025/09,65,0,0.06,0
8059 凱碩,2025/09,-,-,-,-
8064 東捷,2025/09,-,-,-,-
8066 來思達,2025/09,-,-,-,-
8069 元太,2025/09,"8,803",0.05,0.76,-8.56
8070 長華*,2025/09,"75,866",0.07,10.46,-8.5
8072 陞泰,2025/09,-,-,-,-
8074 鉅橡,2025/09,-,-,-,-
8076 伍豐,2025/09,-,-,-,-
8078 華寶,2025/09,-,-,-,-
8079 誠遠,2025/09,-,-,-,-
8080 泰霖,2025/09,-,-,-,-
8081 致新,2025/09,"1,740",0.01,2.02,0.21
8082 深耕,2025/09,-,-,-,-
8083 瑞穎,2025/09,-,-,-,-
8084 巨虹,2025/09,-,-,-,-
8085 福華,2025/09,-,-,-,-
8086 宏捷科,2025/09,815,0,0.42,2.22
8091 翔名,2025/09,167,0,0.32,-5.93
8093 保銳,2025/09,-,-,-,-
8096 擎亞,2025/09,-,-,-,-
8099 大世科,2025/09,-,-,-,-
8101 華冠,2025/09,-,-,-,-
8103 瀚荃,2025/09,-,-,-,-
8104 錸寶,2025/09,-,-,-,-
8105 凌巨,2025/09,-,-,-,-
8107 大億金茂,2025/09,-,-,-,-
8109 博大,2025/09,-,-,-,-
8110 華東,2025/09,14,0,0,29.96
8111 立碁,2025/09,-,-,-,-
8112 至上,2025/09,"54,720",0.06,10.42,3.01
8112A 至上甲特,2025/09,351,0,1.17,0.23
8114 振樺電,2025/09,374,0,0.49,-16.58
8121 越峰,2025/09,-,-,-,-
8131 福懋科,2025/09,223,0,0.05,22.12
8147 正淩,2025/09,-,-,-,-
8150 南茂,2025/09,741,0,0.1,21.15
8155 博智,2025/09,390,0,0.7,-1.91
8163 達方,2025/09,463,0,0.17,1.93
8171 天宇,2025/09,-,-,-,-
8182 加高,2025/09,-,-,-,-
8183 精星,2025/09,-,-,-,-
8199 廣鎵,2025/09,-,-,-,-
8201 無敵,2025/09,-,-,-,-
8210 勤誠,2025/09,"7,647",0.11,6.1,-2.79
8213 志超,2025/09,5,0,0,-4.52
8215 明基材,2025/09,"1,740",0,0.54,-0.21
8222 寶一,2025/09,-,-,-,-
8227 巨有科技,2025/09,-,-,-,-
8234 新漢,2025/09,-,-,-,-
8235 華亞,2025/09,-,-,-,-
8240 華宏,2025/09,-,-,-,-
8249 菱光,2025/09,-,-,-,-
8255 朋程,2025/09,"1,100",0,1.08,8.76
8261 富鼎,2025/09,46,0,0.04,9.63
8266 中日新,2025/09,-,-,-,-
8271 宇瞻,2025/09,-,-,-,-
8277 商丞,2025/09,-,-,-,-
8279 生展,2025/09,-,-,-,-
8287 英格爾,2025/09,-,-,-,-
8289 泰藝,2025/09,-,-,-,-
8299 群聯,2025/09,"25,367",0.43,12.2,44.38
8341 日友,2025/09,-,-,-,-
8349 恒耀,2025/09,-,-,-,-
8349A 恒耀甲特,2025/09,376,0,3.76,-0.65
8354 冠好,2025/09,-,-,-,-
8358 金居,2025/09,"33,442",0.19,13.24,6.67
8374 羅昇,2025/09,-,-,-,-
8383 千附,2025/09,-,-,-,-
8390 金益鼎,2025/09,-,-,-,-
8401 白紗科,2025/09,-,-,-,-
8403 盛弘,2025/09,-,-,-,-
8404 百和興業-KY,2025/09,-,-,-,-
8406 金可-KY,2025/09,-,-,-,-
8410 森田,2025/09,-,-,-,-
8411 福貞-KY,2025/09,-,-,-,-
8415 大國鋼,2025/09,-,-,-,-
8418 捷必勝-KY,2025/09,-,-,-,-
8420 明揚,2025/09,-,-,-,-
8422 可寧衛*,2025/09,442,0,0.39,1.51
8424 惠普,2025/09,-,-,-,-
8426 紅木-KY,2025/09,-,-,-,-
8427 基勝-KY,2025/09,-,-,-,-
8429 金麗-KY,2025/09,-,-,-,-
8431 匯鑽科,2025/09,-,-,-,-
8432 東生華,2025/09,-,-,-,-
8433 弘帆,2025/09,-,-,-,-
8436 大江,2025/09,"2,132",0.01,1.81,-6.43
8437 大地-KY,2025/09,-,-,-,-
8442 威宏-KY,2025/09,-,-,-,-
8444 綠河-KY,2025/09,-,-,-,-
8446 華研,2025/09,-,-,-,-
8450 霹靂,2025/09,-,-,-,-
8454 富邦媒,2025/09,369,0,0.14,-4.55
8462 柏文,2025/09,30,0,0.04,-3.25
8463 潤泰材,2025/09,-,-,-,-
8464 億豐,2025/09,"7,100",0.07,2.42,-1.85
8466 美吉吉-KY,2025/09,-,-,-,-
8467 波力-KY,2025/09,-,-,-,-
8473 山林水,2025/09,-,-,-,-
8478 東哥遊艇,2025/09,77,0,0.08,13.13
8480 泰昇-KY,2025/09,-,-,-,-
8482 商億-KY,2025/09,-,-,-,-
8489 三貝德,2025/09,-,-,-,-
8499 鼎炫-KY,2025/09,-,-,-,-
8701 正豐,2025/09,-,-,-,-
8702 羽田,2025/09,-,-,-,-
8704 大業,2025/09,-,-,-,-
8705 D 東隆,2025/09,-,-,-,-
8706 金緯,2025/09,-,-,-,-
8707 中精機,2025/09,-,-,-,-
8708 大鋼,2025/09,-,-,-,-
8709 峰安,2025/09,-,-,-,-
8710 易欣,2025/09,-,-,-,-
8711 大穎,2025/09,-,-,-,-
8712 國產車,2025/09,-,-,-,-
8713 延穎,2025/09,-,-,-,-
8714 紐新,2025/09,-,-,-,-
8715 中強,2025/09,-,-,-,-
8716 尖美,2025/09,-,-,-,-
8717 瑞圓,2025/09,-,-,-,-
8718 工礦,2025/09,-,-,-,-
8719 宏福,2025/09,-,-,-,-
8720 元富,2025/09,-,-,-,-
8721 尚鋒,2025/09,-,-,-,-
8722 尚德,2025/09,-,-,-,-
8723 順大裕,2025/09,-,-,-,-
8724 立大,2025/09,-,-,-,-
8725 三采,2025/09,-,-,-,-
8905 裕國,2025/09,-,-,-,-
8906 花王,2025/09,-,-,-,-
8907 三粹,2025/09,-,-,-,-
8908 欣雄,2025/09,-,-,-,-
8913 全銓,2025/09,-,-,-,-
8916 光隆,2025/09,-,-,-,-
8916A 光隆甲特,2025/09,-,-,-,-
8923 時報,2025/09,-,-,-,-
8924 大田,2025/09,-,-,-,-
8925 偉盟,2025/09,-,-,-,-
8926 台汽電,2025/09,"1,097",0,0.15,1.82
8927 北基,2025/09,43,0,0.01,-0.38
8928 鉅明,2025/09,-,-,-,-
8929 富堡,2025/09,-,-,-,-
8930 青鋼,2025/09,-,-,-,-
8931 大汽電,2025/09,-,-,-,-
8932 智通*,2025/09,-,-,-,-
8933 愛地雅,2025/09,-,-,-,-
8935 邦泰,2025/09,-,-,-,-
8936 國統,2025/09,86,0,0.03,-8.45
8937 合騏,2025/09,-,-,-,-
8938 明安,2025/09,-,-,-,-
8940 新天地,2025/09,-,-,-,-
8941 關中,2025/09,-,-,-,-
8942 森鉅,2025/09,-,-,-,-
8996 高力,2025/09,"4,067",0.03,4.41,-14.6
910322 康師傅-DR,2025/09,-,-,-,-
910482 聖馬丁-DR,2025/09,-,-,-,-
9105 泰金寶-DR,2025/09,-,-,-,-
9110 越南控-DR,2025/09,-,-,-,-
911616 杜康-DR,2025/09,-,-,-,-
912000 晨訊科-DR,2025/09,-,-,-,-
9136 巨騰-DR,2025/09,-,-,-,-
9151 旺旺,2025/09,-,-,-,-
9801 力霸,2025/09,-,-,-,-
9802 鈺齊-KY,2025/09,"5,007",0.01,2.49,-3.32
9902 台火,2025/09,-,-,-,-
9903 光男,2025/09,-,-,-,-
9903A 光乙特,2025/09,-,-,-,-
9904 寶成,2025/09,"318,716",0.22,10.82,0
9905 大華,2025/09,-,-,-,-
9906 欣巴巴,2025/09,-,-,-,-
9907 統一實,2025/09,"1,415",0,0.09,-2.45
9907A 統實特,2025/09,-,-,-,-
9908 大台北,2025/09,-,-,-,-
9910 豐泰,2025/09,"4,021",0.01,0.41,4.68
9911 櫻花,2025/09,621,0,0.28,-1.27
9912 偉聯,2025/09,-,-,-,-
9913 美式,2025/09,-,-,-,-
9914 美利達,2025/09,"4,023",0.01,1.35,-10.57
9915 Ｄ億豐,2025/09,-,-,-,-
9917 中保科,2025/09,"14,462",0.04,3.21,-0.45
9918 欣天然,2025/09,-,-,-,-
9919 康那香,2025/09,-,-,-,-
9921 巨大,2025/09,199,0,0.05,-9.62
9922 優美,2025/09,-,-,-,-
9924 福興,2025/09,423,0,0.22,1.24
9925 新保,2025/09,-,-,-,-
9926 新海,2025/09,-,-,-,-
9927 泰銘,2025/09,136,0,0.08,0.18
9928 中視,2025/09,-,-,-,-
9929 秋雨,2025/09,-,-,-,-
9930 中聯資源,2025/09,207,0,0.08,-0.7
9931 欣高,2025/09,-,-,-,-
9933 中鼎,2025/09,556,0,0.06,2.43
9934 成霖,2025/09,-,-,-,-
9935 慶豐富,2025/09,-,-,-,-
9936 欣錩,2025/09,-,-,-,-
9937 全國,2025/09,501,0,0.16,0
9938 百和,2025/09,"5,055",0.01,1.7,0.74
9939 宏全,2025/09,"14,181",0.04,4.79,-7.94
9940 信義,2025/09,-,-,-,-
9941 裕融,2025/09,"20,929",0.05,3.64,4.89
9941A 裕融甲特,2025/09,-,-,-,-
9942 茂順,2025/09,33,0,0.04,0.91
9943 好樂迪,2025/09,-,-,-,-
9944 新麗,2025/09,-,-,-,-
9945 潤泰新,2025/09,"32,472",0.02,1.14,-1.82
9946 三發地產,2025/09,-,-,-,-
9949 琉園,2025/09,-,-,-,-
9950 萬國通,2025/09,-,-,-,-
9951 皇田,2025/09,-,-,-,-
9955 佳龍,2025/09,-,-,-,-
9958 世紀鋼,2025/09,"4,309",0.02,1.75,-4.63
9960 邁達康,2025/09,-,-,-,-
9962 有益,2025/09,-,-,-,-
L2301 光寶,2025/09,-,-,-,-
M1100 水泥工業類指數,2025/09,-,0.27,-,4.57
M1200 食品工業類指數,2025/09,-,1.07,-,0.53
M1300 塑膠工業類指數,2025/09,-,0.19,-,-4
M1400 紡織纖維類指數,2025/09,-,0.61,-,3.08
M1500 電機機械類指數,2025/09,-,0.71,-,-1.63
M1600 電器電纜類指數,2025/09,-,0.01,-,5.11
M1700 化學生技醫療類指數,2025/09,-,0.41,-,-0.13
M1800 玻璃陶瓷類指數,2025/09,-,0,-,-20.21
M1900 造紙工業類指數,2025/09,-,0,-,0.13
M2000 鋼鐵工業類指數,2025/09,-,0.38,-,-1.56
M2100 橡膠類指數,2025/09,-,0.34,-,-3.76
M2200 汽車工業類指數,2025/09,-,0.33,-,1.03
M2300 電子類指數,2025/09,-,68.92,-,8.53
M2500 建材營造類指數,2025/09,-,0.47,-,0.19
M2600 航運業類指數,2025/09,-,3.8,-,-4.32
M2700 觀光餐旅類指數,2025/09,-,0.01,-,0.24
M2800 金融保險類指數,2025/09,-,15.54,-,5.35
M2900 貿易百貨類指數,2025/09,-,0.39,-,-1.81
M3000 證券,2025/09,-,0.11,-,-
M3200 文化創意業,2025/09,-,0.11,-,-
M3400 電子商務,2025/09,-,-,-,-
M9700 油電燃氣業指數,2025/09,-,0.03,-,1.08
M9900 其他類指數,2025/09,-,0.77,-,-2.01
T0336Y 第一金創新,2025/09,-,-,-,-
T0502Y 元多福,2025/09,-,-,-,-
T0504Y 元卓越,2025/09,-,-,-,-
T0506Y 元店頭,2025/09,-,-,-,-
T0508Y 元高科,2025/09,-,-,-,-
T0513Y 新主流,2025/09,-,-,-,-
T0567Y 元2001,2025/09,-,-,-,-
T1001Y 富邦FB,2025/09,-,-,-,-
T1201Y 華南永昌永昌,2025/09,-,-,-,-
T1249Y 華南物聯網,2025/09,-,-,-,-
T1609Y 群益馬拉松,2025/09,-,-,-,-
T1612Y 群益店頭市場,2025/09,-,-,-,-
T1614Y 群益創新科技,2025/09,-,-,-,-
T2003Y 日盛上選,2025/09,-,-,-,-
T2005Y 日盛精選五虎,2025/09,-,-,-,-
T2006Y 日盛高科技,2025/09,-,-,-,-
T2205Y FH高成,2025/09,"1,156",0.01,3.14,-
T2208Y FH數位,2025/09,-,-,-,-
T2210Y FH中小,2025/09,-,-,-,-
T2501Y 永豐永豐,2025/09,-,-,-,-
T2503Y 永豐高科技,2025/09,-,-,-,-
T2506Y 永豐中小,2025/09,-,-,-,-
T2520Y 永豐領航科技,2025/09,-,-,-,-
T3701Y 國泰國泰,2025/09,-,-,-,-
T3706Y 國泰大中華,2025/09,-,-,-,-
T3707Y 國泰科技生化,2025/09,-,-,-,-
T4720Y 台新2000高科,2025/09,-,-,-,-
